formula,AIC,BIC
response_time ~ (1|id),16103.300471,16119.920742
response_time ~ (1|stimulus),15433.296306,15449.916577
response_time ~ (1|id:domain),16069.156172,16085.776443
response_time ~ (1|id:condition),16109.109904,16125.730175
response_time ~ (1|stimulus:condition),15715.532387,15732.152658
response_time ~ (1|id:domain:condition),16114.322505,16130.942776
response_time ~ (1|id) + (1|stimulus),15277.792256,15299.952617
response_time ~ (1|id) + (1|id:domain),16066.944352,16089.104713
response_time ~ (1|id) + (1|id:condition),16097.795353,16119.955715
response_time ~ (1|id) + (1|stimulus:condition),15574.197188,15596.357549
response_time ~ (1|id) + (1|id:domain:condition),16087.136229,16109.296591
response_time ~ (1|stimulus) + (1|id:domain),15260.624209,15282.784571
response_time ~ (1|stimulus) + (1|id:condition),15256.704656,15278.865017
response_time ~ (1|stimulus) + (1|stimulus:condition),15435.296306,15457.456667
response_time ~ (1|stimulus) + (1|id:domain:condition),15282.741668,15304.902029
response_time ~ (1|id:domain) + (1|id:condition),16061.110675,16083.271036
response_time ~ (1|id:domain) + (1|stimulus:condition),15565.140074,15587.300435
response_time ~ (1|id:domain) + (1|id:domain:condition),16070.659081,16092.819442
response_time ~ (1|id:condition) + (1|stimulus:condition),15552.772276,15574.932637
response_time ~ (1|id:condition) + (1|id:domain:condition),16101.041407,16123.201768
response_time ~ (1|stimulus:condition) + (1|id:domain:condition),15584.506820,15606.667182
response_time ~ (1|id) + (1|stimulus) + (1|id:domain),15250.696899,15278.397351
response_time ~ (1|id) + (1|stimulus) + (1|id:condition),15246.692239,15274.392691
response_time ~ (1|id) + (1|stimulus) + (1|stimulus:condition),15279.792258,15307.492709
response_time ~ (1|id) + (1|stimulus) + (1|id:domain:condition),15241.341677,15269.042128
response_time ~ (1|id) + (1|id:domain) + (1|id:condition),16060.452106,16088.152558
response_time ~ (1|id) + (1|id:domain) + (1|stimulus:condition),15555.762919,15583.463371
response_time ~ (1|id) + (1|id:domain) + (1|id:domain:condition),16068.444750,16096.145201
response_time ~ (1|id) + (1|id:condition) + (1|stimulus:condition),15544.276861,15571.977312
response_time ~ (1|id) + (1|id:condition) + (1|id:domain:condition),16088.957806,16116.658258
response_time ~ (1|id) + (1|stimulus:condition) + (1|id:domain:condition),15546.155226,15573.855678
response_time ~ (1|stimulus) + (1|id:domain) + (1|id:condition),15221.079863,15248.780315
response_time ~ (1|stimulus) + (1|id:domain) + (1|stimulus:condition),15262.624209,15290.324661
response_time ~ (1|stimulus) + (1|id:domain) + (1|id:domain:condition),15246.940546,15274.640997
response_time ~ (1|stimulus) + (1|id:condition) + (1|stimulus:condition),15258.582428,15286.282879
response_time ~ (1|stimulus) + (1|id:condition) + (1|id:domain:condition),15247.781260,15275.481712
response_time ~ (1|stimulus) + (1|stimulus:condition) + (1|id:domain:condition),15284.741668,15312.442120
response_time ~ (1|id:domain) + (1|id:condition) + (1|stimulus:condition),15526.804555,15554.505006
response_time ~ (1|id:domain) + (1|id:condition) + (1|id:domain:condition),16063.110675,16090.811127
response_time ~ (1|id:domain) + (1|stimulus:condition) + (1|id:domain:condition),15552.469369,15580.169820
response_time ~ (1|id:condition) + (1|stimulus:condition) + (1|id:domain:condition),15549.196340,15576.896791
response_time ~ (1|id) + (1|stimulus) + (1|id:domain) + (1|id:condition),15216.910083,15250.150625
response_time ~ (1|id) + (1|stimulus) + (1|id:domain) + (1|stimulus:condition),15252.696899,15285.937441
response_time ~ (1|id) + (1|stimulus) + (1|id:domain) + (1|id:domain:condition),15237.125966,15270.366508
response_time ~ (1|id) + (1|stimulus) + (1|id:condition) + (1|stimulus:condition),15248.581001,15281.821543
response_time ~ (1|id) + (1|stimulus) + (1|id:condition) + (1|id:domain:condition),15237.221155,15270.461697
response_time ~ (1|id) + (1|stimulus) + (1|stimulus:condition) + (1|id:domain:condition),15243.341677,15276.582218
response_time ~ (1|id) + (1|id:domain) + (1|id:condition) + (1|stimulus:condition),15523.565614,15556.806156
response_time ~ (1|id) + (1|id:domain) + (1|id:condition) + (1|id:domain:condition),16062.452106,16095.692648
response_time ~ (1|id) + (1|id:domain) + (1|stimulus:condition) + (1|id:domain:condition),15543.586274,15576.826816
response_time ~ (1|id) + (1|id:condition) + (1|stimulus:condition) + (1|id:domain:condition),15540.299874,15573.540416
response_time ~ (1|stimulus) + (1|id:domain) + (1|id:condition) + (1|stimulus:condition),15223.079864,15256.320406
response_time ~ (1|stimulus) + (1|id:domain) + (1|id:condition) + (1|id:domain:condition),15223.079863,15256.320405
response_time ~ (1|stimulus) + (1|id:domain) + (1|stimulus:condition) + (1|id:domain:condition),15248.940546,15282.181088
response_time ~ (1|stimulus) + (1|id:condition) + (1|stimulus:condition) + (1|id:domain:condition),15249.781260,15283.021802
response_time ~ (1|id:domain) + (1|id:condition) + (1|stimulus:condition) + (1|id:domain:condition),15528.804555,15562.045097
response_time ~ (1|id) + (1|stimulus) + (1|id:domain) + (1|id:condition) + (1|stimulus:condition),15218.910083,15257.690716
response_time ~ (1|id) + (1|stimulus) + (1|id:domain) + (1|id:condition) + (1|id:domain:condition),15218.910084,15257.690716
response_time ~ (1|id) + (1|stimulus) + (1|id:domain) + (1|stimulus:condition) + (1|id:domain:condition),15239.125966,15277.906598
response_time ~ (1|id) + (1|stimulus) + (1|id:condition) + (1|stimulus:condition) + (1|id:domain:condition),15239.221155,15278.001787
response_time ~ (1|id) + (1|id:domain) + (1|id:condition) + (1|stimulus:condition) + (1|id:domain:condition),15525.565616,15564.346248
response_time ~ (1|stimulus) + (1|id:domain) + (1|id:condition) + (1|stimulus:condition) + (1|id:domain:condition),15225.079864,15263.860496
response_time ~ (1|id) + (1|stimulus) + (1|id:domain) + (1|id:condition) + (1|stimulus:condition) + (1|id:domain:condition),15220.910083,15265.230806
response_time ~ condition + (1|id),16106.549064,16134.249516
response_time ~ condition + (1|stimulus),15433.074446,15460.774897
response_time ~ condition + (1|id:domain),16072.302770,16100.003221
response_time ~ condition + (1|id:condition),16112.881032,16140.581483
response_time ~ condition + (1|stimulus:condition),15718.243385,15745.943837
response_time ~ condition + (1|id:domain:condition),16117.820503,16145.520955
response_time ~ condition + (1|id) + (1|stimulus),15278.939049,15312.179591
response_time ~ condition + (1|id) + (1|id:domain),16070.163284,16103.403826
response_time ~ condition + (1|id) + (1|id:condition),16101.452108,16134.692650
response_time ~ condition + (1|id) + (1|stimulus:condition),15577.750514,15610.991056
response_time ~ condition + (1|id) + (1|id:domain:condition),16090.736432,16123.976974
response_time ~ condition + (1|stimulus) + (1|id:domain),15261.595996,15294.836538
response_time ~ condition + (1|stimulus) + (1|id:condition),15260.239756,15293.480298
response_time ~ condition + (1|stimulus) + (1|stimulus:condition),15435.074446,15468.314988
response_time ~ condition + (1|stimulus) + (1|id:domain:condition),15285.664123,15318.904665
response_time ~ condition + (1|id:domain) + (1|id:condition),16064.751505,16097.992047
response_time ~ condition + (1|id:domain) + (1|stimulus:condition),15568.632942,15601.873484
response_time ~ condition + (1|id:domain) + (1|id:domain:condition),16073.901178,16107.141720
response_time ~ condition + (1|id:condition) + (1|stimulus:condition),15556.429160,15589.669702
response_time ~ condition + (1|id:condition) + (1|id:domain:condition),16104.789104,16138.029646
response_time ~ condition + (1|stimulus:condition) + (1|id:domain:condition),15587.889894,15621.130436
response_time ~ condition + (1|id) + (1|stimulus) + (1|id:domain),15251.830206,15290.610839
response_time ~ condition + (1|id) + (1|stimulus) + (1|id:condition),15249.925182,15288.705815
response_time ~ condition + (1|id) + (1|stimulus) + (1|stimulus:condition),15280.939051,15319.719683
response_time ~ condition + (1|id) + (1|stimulus) + (1|id:domain:condition),15244.101193,15282.881825
response_time ~ condition + (1|id) + (1|id:domain) + (1|id:condition),16064.106493,16102.887125
response_time ~ condition + (1|id) + (1|id:domain) + (1|stimulus:condition),15559.321467,15598.102100
response_time ~ condition + (1|id) + (1|id:domain) + (1|id:domain:condition),16071.757892,16110.538524
response_time ~ condition + (1|id) + (1|id:condition) + (1|stimulus:condition),15547.973362,15586.753994
response_time ~ condition + (1|id) + (1|id:condition) + (1|id:domain:condition),16092.594914,16131.375546
response_time ~ condition + (1|id) + (1|stimulus:condition) + (1|id:domain:condition),15549.813940,15588.594572
response_time ~ condition + (1|stimulus) + (1|id:domain) + (1|id:condition),15224.413285,15263.193917
response_time ~ condition + (1|stimulus) + (1|id:domain) + (1|stimulus:condition),15263.595996,15302.376629
response_time ~ condition + (1|stimulus) + (1|id:domain) + (1|id:domain:condition),15249.228433,15288.009065
response_time ~ condition + (1|stimulus) + (1|id:condition) + (1|stimulus:condition),15262.117403,15300.898035
response_time ~ condition + (1|stimulus) + (1|id:condition) + (1|id:domain:condition),15251.311155,15290.091787
response_time ~ condition + (1|stimulus) + (1|stimulus:condition) + (1|id:domain:condition),15287.664124,15326.444756
response_time ~ condition + (1|id:domain) + (1|id:condition) + (1|stimulus:condition),15530.454071,15569.234703
response_time ~ condition + (1|id:domain) + (1|id:condition) + (1|id:domain:condition),16066.751505,16105.532137
response_time ~ condition + (1|id:domain) + (1|stimulus:condition) + (1|id:domain:condition),15556.036202,15594.816834
response_time ~ condition + (1|id:condition) + (1|stimulus:condition) + (1|id:domain:condition),15552.852518,15591.633150
response_time ~ condition + (1|id) + (1|stimulus) + (1|id:domain) + (1|id:condition),15220.166076,15264.486799
response_time ~ condition + (1|id) + (1|stimulus) + (1|id:domain) + (1|stimulus:condition),15253.830206,15298.150929
response_time ~ condition + (1|id) + (1|stimulus) + (1|id:domain) + (1|id:domain:condition),15239.557693,15283.878416
response_time ~ condition + (1|id) + (1|stimulus) + (1|id:condition) + (1|stimulus:condition),15251.820312,15296.141035
response_time ~ condition + (1|id) + (1|stimulus) + (1|id:condition) + (1|id:domain:condition),15240.453903,15284.774626
response_time ~ condition + (1|id) + (1|stimulus) + (1|stimulus:condition) + (1|id:domain:condition),15246.101193,15290.421915
response_time ~ condition + (1|id) + (1|id:domain) + (1|id:condition) + (1|stimulus:condition),15527.272101,15571.592824
response_time ~ condition + (1|id) + (1|id:domain) + (1|id:condition) + (1|id:domain:condition),16066.106493,16110.427215
response_time ~ condition + (1|id) + (1|id:domain) + (1|stimulus:condition) + (1|id:domain:condition),15547.228126,15591.548849
response_time ~ condition + (1|id) + (1|id:condition) + (1|stimulus:condition) + (1|id:domain:condition),15544.001448,15588.322170
response_time ~ condition + (1|stimulus) + (1|id:domain) + (1|id:condition) + (1|stimulus:condition),15226.413285,15270.734007
response_time ~ condition + (1|stimulus) + (1|id:domain) + (1|id:condition) + (1|id:domain:condition),15226.413285,15270.734007
response_time ~ condition + (1|stimulus) + (1|id:domain) + (1|stimulus:condition) + (1|id:domain:condition),15251.228433,15295.549156
response_time ~ condition + (1|stimulus) + (1|id:condition) + (1|stimulus:condition) + (1|id:domain:condition),15253.311155,15297.631878
response_time ~ condition + (1|id:domain) + (1|id:condition) + (1|stimulus:condition) + (1|id:domain:condition),15532.454070,15576.774793
response_time ~ condition + (1|id) + (1|stimulus) + (1|id:domain) + (1|id:condition) + (1|stimulus:condition),15222.166080,15272.026893
response_time ~ condition + (1|id) + (1|stimulus) + (1|id:domain) + (1|id:condition) + (1|id:domain:condition),15222.166077,15272.026889
response_time ~ condition + (1|id) + (1|stimulus) + (1|id:domain) + (1|stimulus:condition) + (1|id:domain:condition),15241.557693,15291.418506
response_time ~ condition + (1|id) + (1|stimulus) + (1|id:condition) + (1|stimulus:condition) + (1|id:domain:condition),15242.453903,15292.314716
response_time ~ condition + (1|id) + (1|id:domain) + (1|id:condition) + (1|stimulus:condition) + (1|id:domain:condition),15529.272101,15579.132914
response_time ~ condition + (1|stimulus) + (1|id:domain) + (1|id:condition) + (1|stimulus:condition) + (1|id:domain:condition),15228.413285,15278.274097
response_time ~ condition + (1|id) + (1|stimulus) + (1|id:domain) + (1|id:condition) + (1|stimulus:condition) + (1|id:domain:condition),15224.166076,15279.566979
response_time ~ domain + (1|id),16046.742149,16074.442601
response_time ~ domain + (1|stimulus),15428.666428,15456.366880
response_time ~ domain + (1|id:domain),16058.782153,16086.482605
response_time ~ domain + (1|id:condition),16051.947805,16079.648257
response_time ~ domain + (1|stimulus:condition),15697.931512,15725.631963
response_time ~ domain + (1|id:domain:condition),16089.042449,16116.742901
response_time ~ domain + (1|id) + (1|stimulus),15273.160307,15306.400849
response_time ~ domain + (1|id) + (1|id:domain),16044.719934,16077.960476
response_time ~ domain + (1|id) + (1|id:condition),16040.629372,16073.869914
response_time ~ domain + (1|id) + (1|stimulus:condition),15556.317566,15589.558108
response_time ~ domain + (1|id) + (1|id:domain:condition),16046.150442,16079.390984
response_time ~ domain + (1|stimulus) + (1|id:domain),15258.326649,15291.567191
response_time ~ domain + (1|stimulus) + (1|id:condition),15252.099364,15285.339906
response_time ~ domain + (1|stimulus) + (1|stimulus:condition),15430.666428,15463.906970
response_time ~ domain + (1|stimulus) + (1|id:domain:condition),15279.218573,15312.459115
response_time ~ domain + (1|id:domain) + (1|id:condition),16046.180671,16079.421213
response_time ~ domain + (1|id:domain) + (1|stimulus:condition),15558.425419,15591.665961
response_time ~ domain + (1|id:domain) + (1|id:domain:condition),16060.288528,16093.529070
response_time ~ domain + (1|id:condition) + (1|stimulus:condition),15535.053067,15568.293609
response_time ~ domain + (1|id:condition) + (1|id:domain:condition),16053.947805,16087.188347
response_time ~ domain + (1|stimulus:condition) + (1|id:domain:condition),15572.668159,15605.908701
response_time ~ domain + (1|id) + (1|stimulus) + (1|id:domain),15247.068463,15285.849095
response_time ~ domain + (1|id) + (1|stimulus) + (1|id:condition),15242.071423,15280.852055
response_time ~ domain + (1|id) + (1|stimulus) + (1|stimulus:condition),15275.160308,15313.940940
response_time ~ domain + (1|id) + (1|stimulus) + (1|id:domain:condition),15237.187584,15275.968216
response_time ~ domain + (1|id) + (1|id:domain) + (1|id:condition),16038.306617,16077.087249
response_time ~ domain + (1|id) + (1|id:domain) + (1|stimulus:condition),15542.812414,15581.593046
response_time ~ domain + (1|id) + (1|id:domain) + (1|id:domain:condition),16046.210043,16084.990676
response_time ~ domain + (1|id) + (1|id:condition) + (1|stimulus:condition),15526.436325,15565.216957
response_time ~ domain + (1|id) + (1|id:condition) + (1|id:domain:condition),16042.629372,16081.410004
response_time ~ domain + (1|id) + (1|stimulus:condition) + (1|id:domain:condition),15530.920338,15569.700970
response_time ~ domain + (1|stimulus) + (1|id:domain) + (1|id:condition),15217.900787,15256.681420
response_time ~ domain + (1|stimulus) + (1|id:domain) + (1|stimulus:condition),15260.326649,15299.107281
response_time ~ domain + (1|stimulus) + (1|id:domain) + (1|id:domain:condition),15244.657041,15283.437673
response_time ~ domain + (1|stimulus) + (1|id:condition) + (1|stimulus:condition),15253.983267,15292.763899
response_time ~ domain + (1|stimulus) + (1|id:condition) + (1|id:domain:condition),15243.449644,15282.230276
response_time ~ domain + (1|stimulus) + (1|stimulus:condition) + (1|id:domain:condition),15281.218573,15319.999205
response_time ~ domain + (1|id:domain) + (1|id:condition) + (1|stimulus:condition),15515.831712,15554.612345
response_time ~ domain + (1|id:domain) + (1|id:condition) + (1|id:domain:condition),16048.180671,16086.961303
response_time ~ domain + (1|id:domain) + (1|stimulus:condition) + (1|id:domain:condition),15545.610031,15584.390664
response_time ~ domain + (1|id:condition) + (1|stimulus:condition) + (1|id:domain:condition),15532.656298,15571.436931
response_time ~ domain + (1|id) + (1|stimulus) + (1|id:domain) + (1|id:condition),15213.305666,15257.626388
response_time ~ domain + (1|id) + (1|stimulus) + (1|id:domain) + (1|stimulus:condition),15249.068463,15293.389185
response_time ~ domain + (1|id) + (1|stimulus) + (1|id:domain) + (1|id:domain:condition),15233.512230,15277.832953
response_time ~ domain + (1|id) + (1|stimulus) + (1|id:condition) + (1|stimulus:condition),15243.966076,15288.286798
response_time ~ domain + (1|id) + (1|stimulus) + (1|id:condition) + (1|id:domain:condition),15232.881043,15277.201766
response_time ~ domain + (1|id) + (1|stimulus) + (1|stimulus:condition) + (1|id:domain:condition),15239.187584,15283.508306
response_time ~ domain + (1|id) + (1|id:domain) + (1|id:condition) + (1|stimulus:condition),15510.762989,15555.083711
response_time ~ domain + (1|id) + (1|id:domain) + (1|id:condition) + (1|id:domain:condition),16040.306617,16084.627339
response_time ~ domain + (1|id) + (1|id:domain) + (1|stimulus:condition) + (1|id:domain:condition),15530.665160,15574.985883
response_time ~ domain + (1|id) + (1|id:condition) + (1|stimulus:condition) + (1|id:domain:condition),15523.701204,15568.021926
response_time ~ domain + (1|stimulus) + (1|id:domain) + (1|id:condition) + (1|stimulus:condition),15219.900787,15264.221510
response_time ~ domain + (1|stimulus) + (1|id:domain) + (1|id:condition) + (1|id:domain:condition),15219.900787,15264.221510
response_time ~ domain + (1|stimulus) + (1|id:domain) + (1|stimulus:condition) + (1|id:domain:condition),15246.657041,15290.977764
response_time ~ domain + (1|stimulus) + (1|id:condition) + (1|stimulus:condition) + (1|id:domain:condition),15245.449644,15289.770366
response_time ~ domain + (1|id:domain) + (1|id:condition) + (1|stimulus:condition) + (1|id:domain:condition),15517.831712,15562.152435
response_time ~ domain + (1|id) + (1|stimulus) + (1|id:domain) + (1|id:condition) + (1|stimulus:condition),15215.305666,15265.166479
response_time ~ domain + (1|id) + (1|stimulus) + (1|id:domain) + (1|id:condition) + (1|id:domain:condition),15215.305666,15265.166479
response_time ~ domain + (1|id) + (1|stimulus) + (1|id:domain) + (1|stimulus:condition) + (1|id:domain:condition),15235.512230,15285.373043
response_time ~ domain + (1|id) + (1|stimulus) + (1|id:condition) + (1|stimulus:condition) + (1|id:domain:condition),15234.881059,15284.741872
response_time ~ domain + (1|id) + (1|id:domain) + (1|id:condition) + (1|stimulus:condition) + (1|id:domain:condition),15512.762989,15562.623802
response_time ~ domain + (1|stimulus) + (1|id:domain) + (1|id:condition) + (1|stimulus:condition) + (1|id:domain:condition),15221.900787,15271.761600
response_time ~ domain + (1|id) + (1|stimulus) + (1|id:domain) + (1|id:condition) + (1|stimulus:condition) + (1|id:domain:condition),15217.305666,15272.706569
response_time ~ session_num + (1|id),16093.723029,16115.883391
response_time ~ session_num + (1|stimulus),15407.000360,15429.160721
response_time ~ session_num + (1|id:domain),16058.587840,16080.748201
response_time ~ session_num + (1|id:condition),16108.007136,16130.167497
response_time ~ session_num + (1|stimulus:condition),15683.713190,15705.873551
response_time ~ session_num + (1|id:domain:condition),16111.113079,16133.273440
response_time ~ session_num + (1|id) + (1|stimulus),15252.579223,15280.279674
response_time ~ session_num + (1|id) + (1|id:domain),16056.655162,16084.355614
response_time ~ session_num + (1|id) + (1|id:condition),16092.999907,16120.700358
response_time ~ session_num + (1|id) + (1|stimulus:condition),15550.428775,15578.129227
response_time ~ session_num + (1|id) + (1|id:domain:condition),16082.206729,16109.907180
response_time ~ session_num + (1|stimulus) + (1|id:domain),15233.740972,15261.441423
response_time ~ session_num + (1|stimulus) + (1|id:condition),15254.429621,15282.130073
response_time ~ session_num + (1|stimulus) + (1|stimulus:condition),15409.000360,15436.700812
response_time ~ session_num + (1|stimulus) + (1|id:domain:condition),15276.233580,15303.934031
response_time ~ session_num + (1|id:domain) + (1|id:condition),16056.514143,16084.214595
response_time ~ session_num + (1|id:domain) + (1|stimulus:condition),15539.105644,15566.806096
response_time ~ session_num + (1|id:domain) + (1|id:domain:condition),16060.587840,16088.288291
response_time ~ session_num + (1|id:condition) + (1|stimulus:condition),15550.195309,15577.895761
response_time ~ session_num + (1|id:condition) + (1|id:domain:condition),16099.963273,16127.663724
response_time ~ session_num + (1|stimulus:condition) + (1|id:domain:condition),15577.106441,15604.806893
response_time ~ session_num + (1|id) + (1|stimulus) + (1|id:domain),15224.323330,15257.563872
response_time ~ session_num + (1|id) + (1|stimulus) + (1|id:condition),15239.179443,15272.419985
response_time ~ session_num + (1|id) + (1|stimulus) + (1|stimulus:condition),15254.555172,15287.795714
response_time ~ session_num + (1|id) + (1|stimulus) + (1|id:domain:condition),15229.580479,15262.821021
response_time ~ session_num + (1|id) + (1|id:domain) + (1|id:condition),16055.456040,16088.696582
response_time ~ session_num + (1|id) + (1|id:domain) + (1|stimulus:condition),15531.030635,15564.271177
response_time ~ session_num + (1|id) + (1|id:domain) + (1|id:domain:condition),16058.655162,16091.895704
response_time ~ session_num + (1|id) + (1|id:condition) + (1|stimulus:condition),15537.369865,15570.610406
response_time ~ session_num + (1|id) + (1|id:condition) + (1|id:domain:condition),16084.206729,16117.447271
response_time ~ session_num + (1|id) + (1|stimulus:condition) + (1|id:domain:condition),15534.532781,15567.773323
response_time ~ session_num + (1|stimulus) + (1|id:domain) + (1|id:condition),15215.338589,15248.579131
response_time ~ session_num + (1|stimulus) + (1|id:domain) + (1|stimulus:condition),15235.740972,15268.981514
response_time ~ session_num + (1|stimulus) + (1|id:domain) + (1|id:domain:condition),15230.431854,15263.672396
response_time ~ session_num + (1|stimulus) + (1|id:condition) + (1|stimulus:condition),15256.305281,15289.545823
response_time ~ session_num + (1|stimulus) + (1|id:condition) + (1|id:domain:condition),15245.596658,15278.837200
response_time ~ session_num + (1|stimulus) + (1|stimulus:condition) + (1|id:domain:condition),15278.233580,15311.474122
response_time ~ session_num + (1|id:domain) + (1|id:condition) + (1|stimulus:condition),15521.165941,15554.406483
response_time ~ session_num + (1|id:domain) + (1|id:condition) + (1|id:domain:condition),16058.514143,16091.754685
response_time ~ session_num + (1|id:domain) + (1|stimulus:condition) + (1|id:domain:condition),15536.604548,15569.845090
response_time ~ session_num + (1|id:condition) + (1|stimulus:condition) + (1|id:domain:condition),15546.708551,15579.949093
response_time ~ session_num + (1|id) + (1|stimulus) + (1|id:domain) + (1|id:condition),15209.324626,15248.105258
response_time ~ session_num + (1|id) + (1|stimulus) + (1|id:domain) + (1|stimulus:condition),15226.323330,15265.103963
response_time ~ session_num + (1|id) + (1|stimulus) + (1|id:domain) + (1|id:domain:condition),15221.041557,15259.822189
response_time ~ session_num + (1|id) + (1|stimulus) + (1|id:condition) + (1|stimulus:condition),15241.075817,15279.856449
response_time ~ session_num + (1|id) + (1|stimulus) + (1|id:condition) + (1|id:domain:condition),15229.778073,15268.558705
response_time ~ session_num + (1|id) + (1|stimulus) + (1|stimulus:condition) + (1|id:domain:condition),15231.580479,15270.361112
response_time ~ session_num + (1|id) + (1|id:domain) + (1|id:condition) + (1|stimulus:condition),15516.602829,15555.383461
response_time ~ session_num + (1|id) + (1|id:domain) + (1|id:condition) + (1|id:domain:condition),16057.456040,16096.236672
response_time ~ session_num + (1|id) + (1|id:domain) + (1|stimulus:condition) + (1|id:domain:condition),15528.586843,15567.367476
response_time ~ session_num + (1|id) + (1|id:condition) + (1|stimulus:condition) + (1|id:domain:condition),15533.486659,15572.267291
response_time ~ session_num + (1|stimulus) + (1|id:domain) + (1|id:condition) + (1|stimulus:condition),15217.338589,15256.119221
response_time ~ session_num + (1|stimulus) + (1|id:domain) + (1|id:condition) + (1|id:domain:condition),15217.338589,15256.119221
response_time ~ session_num + (1|stimulus) + (1|id:domain) + (1|stimulus:condition) + (1|id:domain:condition),15232.431854,15271.212487
response_time ~ session_num + (1|stimulus) + (1|id:condition) + (1|stimulus:condition) + (1|id:domain:condition),15247.596658,15286.377290
response_time ~ session_num + (1|id:domain) + (1|id:condition) + (1|stimulus:condition) + (1|id:domain:condition),15523.165953,15561.946585
response_time ~ session_num + (1|id) + (1|stimulus) + (1|id:domain) + (1|id:condition) + (1|stimulus:condition),15211.324627,15255.645349
response_time ~ session_num + (1|id) + (1|stimulus) + (1|id:domain) + (1|id:condition) + (1|id:domain:condition),15211.324626,15255.645349
response_time ~ session_num + (1|id) + (1|stimulus) + (1|id:domain) + (1|stimulus:condition) + (1|id:domain:condition),15223.041557,15267.362280
response_time ~ session_num + (1|id) + (1|stimulus) + (1|id:condition) + (1|stimulus:condition) + (1|id:domain:condition),15231.778073,15276.098795
response_time ~ session_num + (1|id) + (1|id:domain) + (1|id:condition) + (1|stimulus:condition) + (1|id:domain:condition),15518.602829,15562.923552
response_time ~ session_num + (1|stimulus) + (1|id:domain) + (1|id:condition) + (1|stimulus:condition) + (1|id:domain:condition),15219.338589,15263.659312
response_time ~ session_num + (1|id) + (1|stimulus) + (1|id:domain) + (1|id:condition) + (1|stimulus:condition) + (1|id:domain:condition),15213.324626,15263.185439
response_time ~ condition + domain + (1|id),16049.935228,16088.715860
response_time ~ condition + domain + (1|stimulus),15428.439217,15467.219849
response_time ~ condition + domain + (1|id:domain),16061.856375,16100.637007
response_time ~ condition + domain + (1|id:condition),16055.698841,16094.479473
response_time ~ condition + domain + (1|stimulus:condition),15700.572098,15739.352730
response_time ~ condition + domain + (1|id:domain:condition),16092.384726,16131.165358
response_time ~ condition + domain + (1|id) + (1|stimulus),15274.307804,15318.628527
response_time ~ condition + domain + (1|id) + (1|id:domain),16047.921297,16092.242020
response_time ~ condition + domain + (1|id) + (1|id:condition),16044.265348,16088.586071
response_time ~ condition + domain + (1|id) + (1|stimulus:condition),15559.844093,15604.164816
response_time ~ condition + domain + (1|id) + (1|id:domain:condition),16049.530311,16093.851033
response_time ~ condition + domain + (1|stimulus) + (1|id:domain),15259.281797,15303.602520
response_time ~ condition + domain + (1|stimulus) + (1|id:condition),15255.631675,15299.952398
response_time ~ condition + domain + (1|stimulus) + (1|stimulus:condition),15430.439217,15474.759940
response_time ~ condition + domain + (1|stimulus) + (1|id:domain:condition),15282.124749,15326.445471
response_time ~ condition + domain + (1|id:domain) + (1|id:condition),16049.873386,16094.194108
response_time ~ condition + domain + (1|id:domain) + (1|stimulus:condition),15561.888500,15606.209223
response_time ~ condition + domain + (1|id:domain) + (1|id:domain:condition),16063.459538,16107.780260
response_time ~ condition + domain + (1|id:condition) + (1|stimulus:condition),15538.699851,15583.020574
response_time ~ condition + domain + (1|id:condition) + (1|id:domain:condition),16057.698841,16102.019563
response_time ~ condition + domain + (1|stimulus:condition) + (1|id:domain:condition),15576.019317,15620.340040
response_time ~ condition + domain + (1|id) + (1|stimulus) + (1|id:domain),15248.201526,15298.062339
response_time ~ condition + domain + (1|id) + (1|stimulus) + (1|id:condition),15245.302764,15295.163577
response_time ~ condition + domain + (1|id) + (1|stimulus) + (1|stimulus:condition),15276.307804,15326.168617
response_time ~ condition + domain + (1|id) + (1|stimulus) + (1|id:domain:condition),15239.935712,15289.796525
response_time ~ condition + domain + (1|id) + (1|id:domain) + (1|id:condition),16041.951298,16091.812111
response_time ~ condition + domain + (1|id) + (1|id:domain) + (1|stimulus:condition),15546.354098,15596.214911
response_time ~ condition + domain + (1|id) + (1|id:domain) + (1|id:domain:condition),16049.507378,16099.368191
response_time ~ condition + domain + (1|id) + (1|id:condition) + (1|stimulus:condition),15530.119616,15579.980428
response_time ~ condition + domain + (1|id) + (1|id:condition) + (1|id:domain:condition),16046.265348,16096.126161
response_time ~ condition + domain + (1|id) + (1|stimulus:condition) + (1|id:domain:condition),15534.561749,15584.422562
response_time ~ condition + domain + (1|stimulus) + (1|id:domain) + (1|id:condition),15221.247790,15271.108603
response_time ~ condition + domain + (1|stimulus) + (1|id:domain) + (1|stimulus:condition),15261.281797,15311.142610
response_time ~ condition + domain + (1|stimulus) + (1|id:domain) + (1|id:domain:condition),15246.929088,15296.789901
response_time ~ condition + domain + (1|stimulus) + (1|id:condition) + (1|stimulus:condition),15257.515468,15307.376281
response_time ~ condition + domain + (1|stimulus) + (1|id:condition) + (1|id:domain:condition),15246.976754,15296.837567
response_time ~ condition + domain + (1|stimulus) + (1|stimulus:condition) + (1|id:domain:condition),15284.124749,15333.985562
response_time ~ condition + domain + (1|id:domain) + (1|id:condition) + (1|stimulus:condition),15519.470285,15569.331098
response_time ~ condition + domain + (1|id:domain) + (1|id:condition) + (1|id:domain:condition),16051.873386,16101.734199
response_time ~ condition + domain + (1|id:domain) + (1|stimulus:condition) + (1|id:domain:condition),15549.144821,15599.005633
response_time ~ condition + domain + (1|id:condition) + (1|stimulus:condition) + (1|id:domain:condition),15536.303936,15586.164749
response_time ~ condition + domain + (1|id) + (1|stimulus) + (1|id:domain) + (1|id:condition),15216.560040,15271.960943
response_time ~ condition + domain + (1|id) + (1|stimulus) + (1|id:domain) + (1|stimulus:condition),15250.201527,15305.602430
response_time ~ condition + domain + (1|id) + (1|stimulus) + (1|id:domain) + (1|id:domain:condition),15235.942467,15291.343370
response_time ~ condition + domain + (1|id) + (1|stimulus) + (1|id:condition) + (1|stimulus:condition),15247.203642,15302.604545
response_time ~ condition + domain + (1|id) + (1|stimulus) + (1|id:condition) + (1|id:domain:condition),15236.112095,15291.512999
response_time ~ condition + domain + (1|id) + (1|stimulus) + (1|stimulus:condition) + (1|id:domain:condition),15241.935719,15297.336623
response_time ~ condition + domain + (1|id) + (1|id:domain) + (1|id:condition) + (1|stimulus:condition),15514.460195,15569.861098
response_time ~ condition + domain + (1|id) + (1|id:domain) + (1|id:condition) + (1|id:domain:condition),16043.951298,16099.352201
response_time ~ condition + domain + (1|id) + (1|id:domain) + (1|stimulus:condition) + (1|id:domain:condition),15534.295434,15589.696337
response_time ~ condition + domain + (1|id) + (1|id:condition) + (1|stimulus:condition) + (1|id:domain:condition),15527.391192,15582.792095
response_time ~ condition + domain + (1|stimulus) + (1|id:domain) + (1|id:condition) + (1|stimulus:condition),15223.247790,15278.648694
response_time ~ condition + domain + (1|stimulus) + (1|id:domain) + (1|id:condition) + (1|id:domain:condition),15223.247790,15278.648694
response_time ~ condition + domain + (1|stimulus) + (1|id:domain) + (1|stimulus:condition) + (1|id:domain:condition),15248.929088,15304.329991
response_time ~ condition + domain + (1|stimulus) + (1|id:condition) + (1|stimulus:condition) + (1|id:domain:condition),15248.976754,15304.377657
response_time ~ condition + domain + (1|id:domain) + (1|id:condition) + (1|stimulus:condition) + (1|id:domain:condition),15521.470285,15576.871188
response_time ~ condition + domain + (1|id) + (1|stimulus) + (1|id:domain) + (1|id:condition) + (1|stimulus:condition),15218.560040,15279.501034
response_time ~ condition + domain + (1|id) + (1|stimulus) + (1|id:domain) + (1|id:condition) + (1|id:domain:condition),15218.560040,15279.501034
response_time ~ condition + domain + (1|id) + (1|stimulus) + (1|id:domain) + (1|stimulus:condition) + (1|id:domain:condition),15237.942467,15298.883460
response_time ~ condition + domain + (1|id) + (1|stimulus) + (1|id:condition) + (1|stimulus:condition) + (1|id:domain:condition),15238.112095,15299.053088
response_time ~ condition + domain + (1|id) + (1|id:domain) + (1|id:condition) + (1|stimulus:condition) + (1|id:domain:condition),15516.460195,15577.401188
response_time ~ condition + domain + (1|stimulus) + (1|id:domain) + (1|id:condition) + (1|stimulus:condition) + (1|id:domain:condition),15225.247790,15286.188784
response_time ~ condition + domain + (1|id) + (1|stimulus) + (1|id:domain) + (1|id:condition) + (1|stimulus:condition) + (1|id:domain:condition),15220.560040,15287.041124
response_time ~ domain + session_num + (1|id),16036.523117,16069.763659
response_time ~ domain + session_num + (1|stimulus),15402.348195,15435.588737
response_time ~ domain + session_num + (1|id:domain),16047.948605,16081.189146
response_time ~ domain + session_num + (1|id:condition),16050.720437,16083.960978
response_time ~ domain + session_num + (1|stimulus:condition),15666.162785,15699.403327
response_time ~ domain + session_num + (1|id:domain:condition),16084.439171,16117.679713
response_time ~ domain + session_num + (1|id) + (1|stimulus),15247.936901,15286.717533
response_time ~ domain + session_num + (1|id) + (1|id:domain),16034.369678,16073.150311
response_time ~ domain + session_num + (1|id) + (1|id:condition),16035.576783,16074.357415
response_time ~ domain + session_num + (1|id) + (1|stimulus:condition),15532.510851,15571.291484
response_time ~ domain + session_num + (1|id) + (1|id:domain:condition),16037.830605,16076.611238
response_time ~ domain + session_num + (1|stimulus) + (1|id:domain),15231.393178,15270.173811
response_time ~ domain + session_num + (1|stimulus) + (1|id:condition),15249.813636,15288.594269
response_time ~ domain + session_num + (1|stimulus) + (1|stimulus:condition),15404.348195,15443.128827
response_time ~ domain + session_num + (1|stimulus) + (1|id:domain:condition),15272.609443,15311.390075
response_time ~ domain + session_num + (1|id:domain) + (1|id:condition),16043.329953,16082.110585
response_time ~ domain + session_num + (1|id:domain) + (1|stimulus:condition),15531.992603,15570.773235
response_time ~ domain + session_num + (1|id:domain) + (1|id:domain:condition),16049.948605,16088.729237
response_time ~ domain + session_num + (1|id:condition) + (1|stimulus:condition),15532.471503,15571.252135
response_time ~ domain + session_num + (1|id:condition) + (1|id:domain:condition),16052.720437,16091.501069
response_time ~ domain + session_num + (1|stimulus:condition) + (1|id:domain:condition),15564.711440,15603.492072
response_time ~ domain + session_num + (1|id) + (1|stimulus) + (1|id:domain),15220.691014,15265.011737
response_time ~ domain + session_num + (1|id) + (1|stimulus) + (1|id:condition),15234.545783,15278.866506
response_time ~ domain + session_num + (1|id) + (1|stimulus) + (1|stimulus:condition),15249.915700,15294.236422
response_time ~ domain + session_num + (1|id) + (1|stimulus) + (1|id:domain:condition),15225.313398,15269.634121
response_time ~ domain + session_num + (1|id) + (1|id:domain) + (1|id:condition),16033.250461,16077.571184
response_time ~ domain + session_num + (1|id) + (1|id:domain) + (1|stimulus:condition),15518.119970,15562.440693
response_time ~ domain + session_num + (1|id) + (1|id:domain) + (1|id:domain:condition),16036.369678,16080.690401
response_time ~ domain + session_num + (1|id) + (1|id:condition) + (1|stimulus:condition),15519.487674,15563.808397
response_time ~ domain + session_num + (1|id) + (1|id:condition) + (1|id:domain:condition),16037.576783,16081.897506
response_time ~ domain + session_num + (1|id) + (1|stimulus:condition) + (1|id:domain:condition),15518.616674,15562.937396
response_time ~ domain + session_num + (1|stimulus) + (1|id:domain) + (1|id:condition),15212.430769,15256.751492
response_time ~ domain + session_num + (1|stimulus) + (1|id:domain) + (1|stimulus:condition),15233.393178,15277.713901
response_time ~ domain + session_num + (1|stimulus) + (1|id:domain) + (1|id:domain:condition),15228.097102,15272.417825
response_time ~ domain + session_num + (1|stimulus) + (1|id:condition) + (1|stimulus:condition),15251.695476,15296.016198
response_time ~ domain + session_num + (1|stimulus) + (1|id:condition) + (1|id:domain:condition),15241.253678,15285.574400
response_time ~ domain + session_num + (1|stimulus) + (1|stimulus:condition) + (1|id:domain:condition),15274.609443,15318.930165
response_time ~ domain + session_num + (1|id:domain) + (1|id:condition) + (1|stimulus:condition),15511.294707,15555.615429
response_time ~ domain + session_num + (1|id:domain) + (1|id:condition) + (1|id:domain:condition),16045.329953,16089.650675
response_time ~ domain + session_num + (1|id:domain) + (1|stimulus:condition) + (1|id:domain:condition),15529.454207,15573.774930
response_time ~ domain + session_num + (1|id:condition) + (1|stimulus:condition) + (1|id:domain:condition),15530.150757,15574.471480
response_time ~ domain + session_num + (1|id) + (1|stimulus) + (1|id:domain) + (1|id:condition),15205.709566,15255.570379
response_time ~ domain + session_num + (1|id) + (1|stimulus) + (1|id:domain) + (1|stimulus:condition),15222.691014,15272.551827
response_time ~ domain + session_num + (1|id) + (1|stimulus) + (1|id:domain) + (1|id:domain:condition),15217.418998,15267.279811
response_time ~ domain + session_num + (1|id) + (1|stimulus) + (1|id:condition) + (1|stimulus:condition),15236.447885,15286.308698
response_time ~ domain + session_num + (1|id) + (1|stimulus) + (1|id:condition) + (1|id:domain:condition),15225.424423,15275.285236
response_time ~ domain + session_num + (1|id) + (1|stimulus) + (1|stimulus:condition) + (1|id:domain:condition),15227.313398,15277.174211
response_time ~ domain + session_num + (1|id) + (1|id:domain) + (1|id:condition) + (1|stimulus:condition),15503.780936,15553.641749
response_time ~ domain + session_num + (1|id) + (1|id:domain) + (1|id:condition) + (1|id:domain:condition),16035.250461,16085.111274
response_time ~ domain + session_num + (1|id) + (1|id:domain) + (1|stimulus:condition) + (1|id:domain:condition),15515.655266,15565.516079
response_time ~ domain + session_num + (1|id) + (1|id:condition) + (1|stimulus:condition) + (1|id:domain:condition),15516.834302,15566.695114
response_time ~ domain + session_num + (1|stimulus) + (1|id:domain) + (1|id:condition) + (1|stimulus:condition),15214.430769,15264.291582
response_time ~ domain + session_num + (1|stimulus) + (1|id:domain) + (1|id:condition) + (1|id:domain:condition),15214.430769,15264.291582
response_time ~ domain + session_num + (1|stimulus) + (1|id:domain) + (1|stimulus:condition) + (1|id:domain:condition),15230.097102,15279.957915
response_time ~ domain + session_num + (1|stimulus) + (1|id:condition) + (1|stimulus:condition) + (1|id:domain:condition),15243.253683,15293.114495
response_time ~ domain + session_num + (1|id:domain) + (1|id:condition) + (1|stimulus:condition) + (1|id:domain:condition),15513.294707,15563.155520
response_time ~ domain + session_num + (1|id) + (1|stimulus) + (1|id:domain) + (1|id:condition) + (1|stimulus:condition),15207.709566,15263.110469
response_time ~ domain + session_num + (1|id) + (1|stimulus) + (1|id:domain) + (1|id:condition) + (1|id:domain:condition),15207.709566,15263.110469
response_time ~ domain + session_num + (1|id) + (1|stimulus) + (1|id:domain) + (1|stimulus:condition) + (1|id:domain:condition),15219.418998,15274.819901
response_time ~ domain + session_num + (1|id) + (1|stimulus) + (1|id:condition) + (1|stimulus:condition) + (1|id:domain:condition),15227.424447,15282.825350
response_time ~ domain + session_num + (1|id) + (1|id:domain) + (1|id:condition) + (1|stimulus:condition) + (1|id:domain:condition),15505.780936,15561.181839
response_time ~ domain + session_num + (1|stimulus) + (1|id:domain) + (1|id:condition) + (1|stimulus:condition) + (1|id:domain:condition),15216.430770,15271.831673
response_time ~ domain + session_num + (1|id) + (1|stimulus) + (1|id:domain) + (1|id:condition) + (1|stimulus:condition) + (1|id:domain:condition),15209.709566,15270.650560
response_time ~ condition + session_num + (1|id),16095.910610,16129.151152
response_time ~ condition + session_num + (1|stimulus),15405.459960,15438.700502
response_time ~ condition + session_num + (1|id:domain),16060.629386,16093.869928
response_time ~ condition + session_num + (1|id:condition),16111.609862,16144.850404
response_time ~ condition + session_num + (1|stimulus:condition),15686.090523,15719.331065
response_time ~ condition + session_num + (1|id:domain:condition),16114.409075,16147.649617
response_time ~ condition + session_num + (1|id) + (1|stimulus),15251.789414,15290.570047
response_time ~ condition + session_num + (1|id) + (1|id:domain),16058.751275,16097.531907
response_time ~ condition + session_num + (1|id) + (1|id:condition),16095.885251,16134.665883
response_time ~ condition + session_num + (1|id) + (1|stimulus:condition),15553.472726,15592.253358
response_time ~ condition + session_num + (1|id) + (1|id:domain:condition),16085.241097,16124.021729
response_time ~ condition + session_num + (1|stimulus) + (1|id:domain),15232.674739,15271.455371
response_time ~ condition + session_num + (1|stimulus) + (1|id:condition),15257.789991,15296.570623
response_time ~ condition + session_num + (1|stimulus) + (1|stimulus:condition),15407.459960,15446.240593
response_time ~ condition + session_num + (1|stimulus) + (1|id:domain:condition),15278.929619,15317.710251
response_time ~ condition + session_num + (1|id:domain) + (1|id:condition),16059.456604,16098.237236
response_time ~ condition + session_num + (1|id:domain) + (1|stimulus:condition),15542.055591,15580.836224
response_time ~ condition + session_num + (1|id:domain) + (1|id:domain:condition),16062.629386,16101.410018
response_time ~ condition + session_num + (1|id:condition) + (1|stimulus:condition),15553.726412,15592.507045
response_time ~ condition + session_num + (1|id:condition) + (1|id:domain:condition),16103.577708,16142.358340
response_time ~ condition + session_num + (1|stimulus:condition) + (1|id:domain:condition),15580.356107,15619.136739
response_time ~ condition + session_num + (1|id) + (1|stimulus) + (1|id:domain),15223.383670,15267.704392
response_time ~ condition + session_num + (1|id) + (1|stimulus) + (1|id:condition),15241.440633,15285.761356
response_time ~ condition + session_num + (1|id) + (1|stimulus) + (1|stimulus:condition),15253.789414,15298.110137
response_time ~ condition + session_num + (1|id) + (1|stimulus) + (1|id:domain:condition),15231.346181,15275.666904
response_time ~ condition + session_num + (1|id) + (1|id:domain) + (1|id:condition),16058.328225,16102.648948
response_time ~ condition + session_num + (1|id) + (1|id:domain) + (1|stimulus:condition),15534.052464,15578.373186
response_time ~ condition + session_num + (1|id) + (1|id:domain) + (1|id:domain:condition),16060.751275,16105.071997
response_time ~ condition + session_num + (1|id) + (1|id:condition) + (1|stimulus:condition),15540.744695,15585.065418
response_time ~ condition + session_num + (1|id) + (1|id:condition) + (1|id:domain:condition),16087.241097,16131.561819
response_time ~ condition + session_num + (1|id) + (1|stimulus:condition) + (1|id:domain:condition),15537.832110,15582.152833
response_time ~ condition + session_num + (1|stimulus) + (1|id:domain) + (1|id:condition),15217.912930,15262.233653
response_time ~ condition + session_num + (1|stimulus) + (1|id:domain) + (1|stimulus:condition),15234.674739,15278.995462
response_time ~ condition + session_num + (1|stimulus) + (1|id:domain) + (1|id:domain:condition),15231.006532,15275.327255
response_time ~ condition + session_num + (1|stimulus) + (1|id:condition) + (1|stimulus:condition),15259.665888,15303.986610
response_time ~ condition + session_num + (1|stimulus) + (1|id:condition) + (1|id:domain:condition),15248.982463,15293.303185
response_time ~ condition + session_num + (1|stimulus) + (1|stimulus:condition) + (1|id:domain:condition),15280.929619,15325.250342
response_time ~ condition + session_num + (1|id:domain) + (1|id:condition) + (1|stimulus:condition),15524.536853,15568.857576
response_time ~ condition + session_num + (1|id:domain) + (1|id:condition) + (1|id:domain:condition),16061.456604,16105.777326
response_time ~ condition + session_num + (1|id:domain) + (1|stimulus:condition) + (1|id:domain:condition),15539.725328,15584.046051
response_time ~ condition + session_num + (1|id:condition) + (1|stimulus:condition) + (1|id:domain:condition),15550.249652,15594.570374
response_time ~ condition + session_num + (1|id) + (1|stimulus) + (1|id:domain) + (1|id:condition),15211.603550,15261.464363
response_time ~ condition + session_num + (1|id) + (1|stimulus) + (1|id:domain) + (1|stimulus:condition),15225.383670,15275.244483
response_time ~ condition + session_num + (1|id) + (1|stimulus) + (1|id:domain) + (1|id:domain:condition),15221.721662,15271.582475
response_time ~ condition + session_num + (1|id) + (1|stimulus) + (1|id:condition) + (1|stimulus:condition),15243.356732,15293.217545
response_time ~ condition + session_num + (1|id) + (1|stimulus) + (1|id:condition) + (1|id:domain:condition),15232.106485,15281.967297
response_time ~ condition + session_num + (1|id) + (1|stimulus) + (1|stimulus:condition) + (1|id:domain:condition),15233.346181,15283.206994
response_time ~ condition + session_num + (1|id) + (1|id:domain) + (1|id:condition) + (1|stimulus:condition),15519.976470,15569.837283
response_time ~ condition + session_num + (1|id) + (1|id:domain) + (1|id:condition) + (1|id:domain:condition),16060.328225,16110.189038
response_time ~ condition + session_num + (1|id) + (1|id:domain) + (1|stimulus:condition) + (1|id:domain:condition),15531.775649,15581.636462
response_time ~ condition + session_num + (1|id) + (1|id:condition) + (1|stimulus:condition) + (1|id:domain:condition),15536.882541,15586.743354
response_time ~ condition + session_num + (1|stimulus) + (1|id:domain) + (1|id:condition) + (1|stimulus:condition),15219.912930,15269.773743
response_time ~ condition + session_num + (1|stimulus) + (1|id:domain) + (1|id:condition) + (1|id:domain:condition),15219.912930,15269.773743
response_time ~ condition + session_num + (1|stimulus) + (1|id:domain) + (1|stimulus:condition) + (1|id:domain:condition),15233.006532,15282.867345
response_time ~ condition + session_num + (1|stimulus) + (1|id:condition) + (1|stimulus:condition) + (1|id:domain:condition),15250.982463,15300.843276
response_time ~ condition + session_num + (1|id:domain) + (1|id:condition) + (1|stimulus:condition) + (1|id:domain:condition),15526.536853,15576.397666
response_time ~ condition + session_num + (1|id) + (1|stimulus) + (1|id:domain) + (1|id:condition) + (1|stimulus:condition),15213.603551,15269.004454
response_time ~ condition + session_num + (1|id) + (1|stimulus) + (1|id:domain) + (1|id:condition) + (1|id:domain:condition),15213.603550,15269.004453
response_time ~ condition + session_num + (1|id) + (1|stimulus) + (1|id:domain) + (1|stimulus:condition) + (1|id:domain:condition),15223.721661,15279.122565
response_time ~ condition + session_num + (1|id) + (1|stimulus) + (1|id:condition) + (1|stimulus:condition) + (1|id:domain:condition),15234.106486,15289.507389
response_time ~ condition + session_num + (1|id) + (1|id:domain) + (1|id:condition) + (1|stimulus:condition) + (1|id:domain:condition),15521.976470,15577.377373
response_time ~ condition + session_num + (1|stimulus) + (1|id:domain) + (1|id:condition) + (1|stimulus:condition) + (1|id:domain:condition),15221.912930,15277.313833
response_time ~ condition + session_num + (1|id) + (1|stimulus) + (1|id:domain) + (1|id:condition) + (1|stimulus:condition) + (1|id:domain:condition),15215.603550,15276.544544
response_time ~ condition + domain + session_num + (1|id),16038.648805,16082.969527
response_time ~ condition + domain + session_num + (1|stimulus),15400.810077,15445.130799
response_time ~ condition + domain + session_num + (1|id:domain),16049.942156,16094.262879
response_time ~ condition + domain + session_num + (1|id:condition),16054.314387,16098.635109
response_time ~ condition + domain + session_num + (1|stimulus:condition),15668.457509,15712.778232
response_time ~ condition + domain + session_num + (1|id:domain:condition),16087.492794,16131.813516
response_time ~ condition + domain + session_num + (1|id) + (1|stimulus),15247.153145,15297.013958
response_time ~ condition + domain + session_num + (1|id) + (1|id:domain),16036.472882,16086.333695
response_time ~ condition + domain + session_num + (1|id) + (1|id:condition),16038.445850,16088.306663
response_time ~ condition + domain + session_num + (1|id) + (1|stimulus:condition),15535.505301,15585.366114
response_time ~ condition + domain + session_num + (1|id) + (1|id:domain:condition),16040.203553,16090.064366
response_time ~ condition + domain + session_num + (1|stimulus) + (1|id:domain),15230.320166,15280.180979
response_time ~ condition + domain + session_num + (1|stimulus) + (1|id:condition),15253.173643,15303.034456
response_time ~ condition + domain + session_num + (1|stimulus) + (1|stimulus:condition),15402.810077,15452.670890
response_time ~ condition + domain + session_num + (1|stimulus) + (1|id:domain:condition),15275.289840,15325.150653
response_time ~ condition + domain + session_num + (1|id:domain) + (1|id:condition),16046.560705,16096.421518
response_time ~ condition + domain + session_num + (1|id:domain) + (1|stimulus:condition),15534.910351,15584.771164
response_time ~ condition + domain + session_num + (1|id:domain) + (1|id:domain:condition),16051.942156,16101.802969
response_time ~ condition + domain + session_num + (1|id:condition) + (1|stimulus:condition),15535.993541,15585.854354
response_time ~ condition + domain + session_num + (1|id:condition) + (1|id:domain:condition),16056.314387,16106.175199
response_time ~ condition + domain + session_num + (1|stimulus:condition) + (1|id:domain:condition),15567.922809,15617.783622
response_time ~ condition + domain + session_num + (1|id) + (1|stimulus) + (1|id:domain),15219.758190,15275.159093
response_time ~ condition + domain + session_num + (1|id) + (1|stimulus) + (1|id:condition),15236.808371,15292.209274
response_time ~ condition + domain + session_num + (1|id) + (1|stimulus) + (1|stimulus:condition),15249.153145,15304.554049
response_time ~ condition + domain + session_num + (1|id) + (1|stimulus) + (1|id:domain:condition),15227.062684,15282.463587
response_time ~ condition + domain + session_num + (1|id) + (1|id:domain) + (1|id:condition),16036.120934,16091.521837
response_time ~ condition + domain + session_num + (1|id) + (1|id:domain) + (1|stimulus:condition),15521.115970,15576.516873
response_time ~ condition + domain + session_num + (1|id) + (1|id:domain) + (1|id:domain:condition),16038.472882,16093.873785
response_time ~ condition + domain + session_num + (1|id) + (1|id:condition) + (1|stimulus:condition),15522.838501,15578.239404
response_time ~ condition + domain + session_num + (1|id) + (1|id:condition) + (1|id:domain:condition),16040.445850,16095.846753
response_time ~ condition + domain + session_num + (1|id) + (1|stimulus:condition) + (1|id:domain:condition),15521.875211,15577.276114
response_time ~ condition + domain + session_num + (1|stimulus) + (1|id:domain) + (1|id:condition),15215.060407,15270.461310
response_time ~ condition + domain + session_num + (1|stimulus) + (1|id:domain) + (1|stimulus:condition),15232.320166,15287.721069
response_time ~ condition + domain + session_num + (1|stimulus) + (1|id:domain) + (1|id:domain:condition),15228.663227,15284.064130
response_time ~ condition + domain + session_num + (1|stimulus) + (1|id:condition) + (1|stimulus:condition),15255.055720,15310.456624
response_time ~ condition + domain + session_num + (1|stimulus) + (1|id:condition) + (1|id:domain:condition),15244.638738,15300.039641
response_time ~ condition + domain + session_num + (1|stimulus) + (1|stimulus:condition) + (1|id:domain:condition),15277.289840,15332.690743
response_time ~ condition + domain + session_num + (1|id:domain) + (1|id:condition) + (1|stimulus:condition),15514.696132,15570.097036
response_time ~ condition + domain + session_num + (1|id:domain) + (1|id:condition) + (1|id:domain:condition),16048.560705,16103.961608
response_time ~ condition + domain + session_num + (1|id:domain) + (1|stimulus:condition) + (1|id:domain:condition),15532.545838,15587.946741
response_time ~ condition + domain + session_num + (1|id:condition) + (1|stimulus:condition) + (1|id:domain:condition),15533.683276,15589.084180
response_time ~ condition + domain + session_num + (1|id) + (1|stimulus) + (1|id:domain) + (1|id:condition),15207.990061,15268.931054
response_time ~ condition + domain + session_num + (1|id) + (1|stimulus) + (1|id:domain) + (1|stimulus:condition),15221.758190,15282.699183
response_time ~ condition + domain + session_num + (1|id) + (1|stimulus) + (1|id:domain) + (1|id:domain:condition),15218.102687,15279.043681
response_time ~ condition + domain + session_num + (1|id) + (1|stimulus) + (1|id:condition) + (1|stimulus:condition),15238.729639,15299.670632
response_time ~ condition + domain + session_num + (1|id) + (1|stimulus) + (1|id:condition) + (1|id:domain:condition),15227.753301,15288.694294
response_time ~ condition + domain + session_num + (1|id) + (1|stimulus) + (1|stimulus:condition) + (1|id:domain:condition),15229.062684,15290.003677
response_time ~ condition + domain + session_num + (1|id) + (1|id:domain) + (1|id:condition) + (1|stimulus:condition),15507.142084,15568.083078
response_time ~ condition + domain + session_num + (1|id) + (1|id:domain) + (1|id:condition) + (1|id:domain:condition),16038.120934,16099.061927
response_time ~ condition + domain + session_num + (1|id) + (1|id:domain) + (1|stimulus:condition) + (1|id:domain:condition),15518.825119,15579.766113
response_time ~ condition + domain + session_num + (1|id) + (1|id:condition) + (1|stimulus:condition) + (1|id:domain:condition),15520.207812,15581.148806
response_time ~ condition + domain + session_num + (1|stimulus) + (1|id:domain) + (1|id:condition) + (1|stimulus:condition),15217.060407,15278.001401
response_time ~ condition + domain + session_num + (1|stimulus) + (1|id:domain) + (1|id:condition) + (1|id:domain:condition),15217.060407,15278.001401
response_time ~ condition + domain + session_num + (1|stimulus) + (1|id:domain) + (1|stimulus:condition) + (1|id:domain:condition),15230.663227,15291.604221
response_time ~ condition + domain + session_num + (1|stimulus) + (1|id:condition) + (1|stimulus:condition) + (1|id:domain:condition),15246.638738,15307.579731
response_time ~ condition + domain + session_num + (1|id:domain) + (1|id:condition) + (1|stimulus:condition) + (1|id:domain:condition),15516.696132,15577.637126
response_time ~ condition + domain + session_num + (1|id) + (1|stimulus) + (1|id:domain) + (1|id:condition) + (1|stimulus:condition),15209.990061,15276.471145
response_time ~ condition + domain + session_num + (1|id) + (1|stimulus) + (1|id:domain) + (1|id:condition) + (1|id:domain:condition),15209.990066,15276.471150
response_time ~ condition + domain + session_num + (1|id) + (1|stimulus) + (1|id:domain) + (1|stimulus:condition) + (1|id:domain:condition),15220.102687,15286.583771
response_time ~ condition + domain + session_num + (1|id) + (1|stimulus) + (1|id:condition) + (1|stimulus:condition) + (1|id:domain:condition),15229.753301,15296.234385
response_time ~ condition + domain + session_num + (1|id) + (1|id:domain) + (1|id:condition) + (1|stimulus:condition) + (1|id:domain:condition),15509.142084,15575.623168
response_time ~ condition + domain + session_num + (1|stimulus) + (1|id:domain) + (1|id:condition) + (1|stimulus:condition) + (1|id:domain:condition),15219.060407,15285.541491
response_time ~ condition + domain + session_num + (1|id) + (1|stimulus) + (1|id:domain) + (1|id:condition) + (1|stimulus:condition) + (1|id:domain:condition),15211.990062,15284.011236
response_time ~ condition * domain + (1|id),16056.779412,16117.720406
response_time ~ condition * domain + (1|stimulus),15434.778309,15495.719302
response_time ~ condition * domain + (1|id:domain),16068.759874,16129.700868
response_time ~ condition * domain + (1|id:condition),16062.398666,16123.339660
response_time ~ condition * domain + (1|stimulus:condition),15708.201721,15769.142715
response_time ~ condition * domain + (1|id:domain:condition),16099.686543,16160.627537
response_time ~ condition * domain + (1|id) + (1|stimulus),15280.643630,15347.124714
response_time ~ condition * domain + (1|id) + (1|id:domain),16054.809644,16121.290727
response_time ~ condition * domain + (1|id) + (1|id:condition),16051.032815,16117.513899
response_time ~ condition * domain + (1|id) + (1|stimulus:condition),15567.503326,15633.984410
response_time ~ condition * domain + (1|id) + (1|id:domain:condition),16056.514216,16122.995300
response_time ~ condition * domain + (1|stimulus) + (1|id:domain),15265.523766,15332.004850
response_time ~ condition * domain + (1|stimulus) + (1|id:condition),15261.733005,15328.214089
response_time ~ condition * domain + (1|stimulus) + (1|stimulus:condition),15436.778309,15503.259393
response_time ~ condition * domain + (1|stimulus) + (1|id:domain:condition),15289.391276,15355.872359
response_time ~ condition * domain + (1|id:domain) + (1|id:condition),16056.661208,16123.142292
response_time ~ condition * domain + (1|id:domain) + (1|stimulus:condition),15569.537373,15636.018457
response_time ~ condition * domain + (1|id:domain) + (1|id:domain:condition),16070.427431,16136.908515
response_time ~ condition * domain + (1|id:condition) + (1|stimulus:condition),15546.315004,15612.796088
response_time ~ condition * domain + (1|id:condition) + (1|id:domain:condition),16064.398666,16130.879750
response_time ~ condition * domain + (1|stimulus:condition) + (1|id:domain:condition),15583.704493,15650.185577
response_time ~ condition * domain + (1|id) + (1|stimulus) + (1|id:domain),15254.469341,15326.490515
response_time ~ condition * domain + (1|id) + (1|stimulus) + (1|id:condition),15251.456282,15323.477456
response_time ~ condition * domain + (1|id) + (1|stimulus) + (1|stimulus:condition),15282.643631,15354.664806
response_time ~ condition * domain + (1|id) + (1|stimulus) + (1|id:domain:condition),15246.813636,15318.834811
response_time ~ condition * domain + (1|id) + (1|id:domain) + (1|id:condition),16048.767428,16120.788602
response_time ~ condition * domain + (1|id) + (1|id:domain) + (1|stimulus:condition),15554.013199,15626.034373
response_time ~ condition * domain + (1|id) + (1|id:domain) + (1|id:domain:condition),16056.454270,16128.475444
response_time ~ condition * domain + (1|id) + (1|id:condition) + (1|stimulus:condition),15537.755283,15609.776457
response_time ~ condition * domain + (1|id) + (1|id:condition) + (1|id:domain:condition),16053.032815,16125.053989
response_time ~ condition * domain + (1|id) + (1|stimulus:condition) + (1|id:domain:condition),15542.228405,15614.249579
response_time ~ condition * domain + (1|stimulus) + (1|id:domain) + (1|id:condition),15227.319736,15299.340910
response_time ~ condition * domain + (1|stimulus) + (1|id:domain) + (1|stimulus:condition),15267.523766,15339.544940
response_time ~ condition * domain + (1|stimulus) + (1|id:domain) + (1|id:domain:condition),15253.678703,15325.699877
response_time ~ condition * domain + (1|stimulus) + (1|id:condition) + (1|stimulus:condition),15263.661691,15335.682865
response_time ~ condition * domain + (1|stimulus) + (1|id:condition) + (1|id:domain:condition),15253.557702,15325.578876
response_time ~ condition * domain + (1|stimulus) + (1|stimulus:condition) + (1|id:domain:condition),15291.391276,15363.412450
response_time ~ condition * domain + (1|id:domain) + (1|id:condition) + (1|stimulus:condition),15527.102611,15599.123785
response_time ~ condition * domain + (1|id:domain) + (1|id:condition) + (1|id:domain:condition),16058.661208,16130.682382
response_time ~ condition * domain + (1|id:domain) + (1|stimulus:condition) + (1|id:domain:condition),15556.819937,15628.841111
response_time ~ condition * domain + (1|id:condition) + (1|stimulus:condition) + (1|id:domain:condition),15543.921317,15615.942491
response_time ~ condition * domain + (1|id) + (1|stimulus) + (1|id:domain) + (1|id:condition),15222.660682,15300.221947
response_time ~ condition * domain + (1|id) + (1|stimulus) + (1|id:domain) + (1|stimulus:condition),15256.469341,15334.030606
response_time ~ condition * domain + (1|id) + (1|stimulus) + (1|id:domain) + (1|id:domain:condition),15242.678765,15320.240029
response_time ~ condition * domain + (1|id) + (1|stimulus) + (1|id:condition) + (1|stimulus:condition),15253.456280,15331.017545
response_time ~ condition * domain + (1|id) + (1|stimulus) + (1|id:condition) + (1|id:domain:condition),15242.741996,15320.303261
response_time ~ condition * domain + (1|id) + (1|stimulus) + (1|stimulus:condition) + (1|id:domain:condition),15248.813637,15326.374901
response_time ~ condition * domain + (1|id) + (1|id:domain) + (1|id:condition) + (1|stimulus:condition),15522.104280,15599.665544
response_time ~ condition * domain + (1|id) + (1|id:domain) + (1|id:condition) + (1|id:domain:condition),16050.767428,16128.328693
response_time ~ condition * domain + (1|id) + (1|id:domain) + (1|stimulus:condition) + (1|id:domain:condition),15541.967286,15619.528551
response_time ~ condition * domain + (1|id) + (1|id:condition) + (1|stimulus:condition) + (1|id:domain:condition),15535.030547,15612.591811
response_time ~ condition * domain + (1|stimulus) + (1|id:domain) + (1|id:condition) + (1|stimulus:condition),15229.319736,15306.881000
response_time ~ condition * domain + (1|stimulus) + (1|id:domain) + (1|id:condition) + (1|id:domain:condition),15229.319736,15306.881000
response_time ~ condition * domain + (1|stimulus) + (1|id:domain) + (1|stimulus:condition) + (1|id:domain:condition),15255.678703,15333.239967
response_time ~ condition * domain + (1|stimulus) + (1|id:condition) + (1|stimulus:condition) + (1|id:domain:condition),15255.557702,15333.118966
response_time ~ condition * domain + (1|id:domain) + (1|id:condition) + (1|stimulus:condition) + (1|id:domain:condition),15529.102611,15606.663876
response_time ~ condition * domain + (1|id) + (1|stimulus) + (1|id:domain) + (1|id:condition) + (1|stimulus:condition),15224.660682,15307.762037
response_time ~ condition * domain + (1|id) + (1|stimulus) + (1|id:domain) + (1|id:condition) + (1|id:domain:condition),15224.660682,15307.762037
response_time ~ condition * domain + (1|id) + (1|stimulus) + (1|id:domain) + (1|stimulus:condition) + (1|id:domain:condition),15244.678765,15327.780120
response_time ~ condition * domain + (1|id) + (1|stimulus) + (1|id:condition) + (1|stimulus:condition) + (1|id:domain:condition),15244.741996,15327.843351
response_time ~ condition * domain + (1|id) + (1|id:domain) + (1|id:condition) + (1|stimulus:condition) + (1|id:domain:condition),15524.104280,15607.205635
response_time ~ condition * domain + (1|stimulus) + (1|id:domain) + (1|id:condition) + (1|stimulus:condition) + (1|id:domain:condition),15231.319736,15314.421091
response_time ~ condition * domain + (1|id) + (1|stimulus) + (1|id:domain) + (1|id:condition) + (1|stimulus:condition) + (1|id:domain:condition),15226.660682,15315.302127
response_time ~ domain * session_num + (1|id),16040.399313,16084.720036
response_time ~ domain * session_num + (1|stimulus),15405.681938,15450.002661
response_time ~ domain * session_num + (1|id:domain),16051.651781,16095.972503
response_time ~ domain * session_num + (1|id:condition),16054.644233,16098.964955
response_time ~ domain * session_num + (1|stimulus:condition),15669.197095,15713.517817
response_time ~ domain * session_num + (1|id:domain:condition),16088.396511,16132.717234
response_time ~ domain * session_num + (1|id) + (1|stimulus),15251.402745,15301.263558
response_time ~ domain * session_num + (1|id) + (1|id:domain),16038.179235,16088.040048
response_time ~ domain * session_num + (1|id) + (1|id:condition),16039.480650,16089.341463
response_time ~ domain * session_num + (1|id) + (1|stimulus:condition),15535.811780,15585.672593
response_time ~ domain * session_num + (1|id) + (1|id:domain:condition),16041.733849,16091.594662
response_time ~ domain * session_num + (1|stimulus) + (1|id:domain),15234.566544,15284.427357
response_time ~ domain * session_num + (1|stimulus) + (1|id:condition),15253.369384,15303.230197
response_time ~ domain * session_num + (1|stimulus) + (1|stimulus:condition),15407.681936,15457.542749
response_time ~ domain * session_num + (1|stimulus) + (1|id:domain:condition),15276.482731,15326.343544
response_time ~ domain * session_num + (1|id:domain) + (1|id:condition),16047.132367,16096.993179
response_time ~ domain * session_num + (1|id:domain) + (1|stimulus:condition),15534.559629,15584.420441
response_time ~ domain * session_num + (1|id:domain) + (1|id:domain:condition),16053.651781,16103.512594
response_time ~ domain * session_num + (1|id:condition) + (1|stimulus:condition),15535.888536,15585.749349
response_time ~ domain * session_num + (1|id:condition) + (1|id:domain:condition),16056.644233,16106.505046
response_time ~ domain * session_num + (1|stimulus:condition) + (1|id:domain:condition),15568.551900,15618.412713
response_time ~ domain * session_num + (1|id) + (1|stimulus) + (1|id:domain),15223.951958,15279.352861
response_time ~ domain * session_num + (1|id) + (1|stimulus) + (1|id:condition),15238.081149,15293.482052
response_time ~ domain * session_num + (1|id) + (1|stimulus) + (1|stimulus:condition),15253.376845,15308.777748
response_time ~ domain * session_num + (1|id) + (1|stimulus) + (1|id:domain:condition),15229.067024,15284.467927
response_time ~ domain * session_num + (1|id) + (1|id:domain) + (1|id:condition),16037.095092,16092.495996
response_time ~ domain * session_num + (1|id) + (1|id:domain) + (1|stimulus:condition),15520.988235,15576.389138
response_time ~ domain * session_num + (1|id) + (1|id:domain) + (1|id:domain:condition),16040.179235,16095.580138
response_time ~ domain * session_num + (1|id) + (1|id:condition) + (1|stimulus:condition),15522.884065,15578.284968
response_time ~ domain * session_num + (1|id) + (1|id:condition) + (1|id:domain:condition),16041.480650,16096.881554
response_time ~ domain * session_num + (1|id) + (1|stimulus:condition) + (1|id:domain:condition),15522.266783,15577.667686
response_time ~ domain * session_num + (1|stimulus) + (1|id:domain) + (1|id:condition),15215.761145,15271.162048
response_time ~ domain * session_num + (1|stimulus) + (1|id:domain) + (1|stimulus:condition),15236.566544,15291.967447
response_time ~ domain * session_num + (1|stimulus) + (1|id:domain) + (1|id:domain:condition),15231.593679,15286.994582
response_time ~ domain * session_num + (1|stimulus) + (1|id:condition) + (1|stimulus:condition),15255.242128,15310.643032
response_time ~ domain * session_num + (1|stimulus) + (1|id:condition) + (1|id:domain:condition),15244.987002,15300.387906
response_time ~ domain * session_num + (1|stimulus) + (1|stimulus:condition) + (1|id:domain:condition),15278.482731,15333.883634
response_time ~ domain * session_num + (1|id:domain) + (1|id:condition) + (1|stimulus:condition),15514.198036,15569.598939
response_time ~ domain * session_num + (1|id:domain) + (1|id:condition) + (1|id:domain:condition),16049.132367,16104.533270
response_time ~ domain * session_num + (1|id:domain) + (1|stimulus:condition) + (1|id:domain:condition),15532.632474,15588.033377
response_time ~ domain * session_num + (1|id:condition) + (1|stimulus:condition) + (1|id:domain:condition),15533.746974,15589.147877
response_time ~ domain * session_num + (1|id) + (1|stimulus) + (1|id:domain) + (1|id:condition),15209.074774,15270.015768
response_time ~ domain * session_num + (1|id) + (1|stimulus) + (1|id:domain) + (1|stimulus:condition),15225.951958,15286.892952
response_time ~ domain * session_num + (1|id) + (1|stimulus) + (1|id:domain) + (1|id:domain:condition),15220.978751,15281.919744
response_time ~ domain * session_num + (1|id) + (1|stimulus) + (1|id:condition) + (1|stimulus:condition),15239.974682,15300.915675
response_time ~ domain * session_num + (1|id) + (1|stimulus) + (1|id:condition) + (1|id:domain:condition),15229.151131,15290.092125
response_time ~ domain * session_num + (1|id) + (1|stimulus) + (1|stimulus:condition) + (1|id:domain:condition),15231.067024,15292.008018
response_time ~ domain * session_num + (1|id) + (1|id:domain) + (1|id:condition) + (1|stimulus:condition),15506.786071,15567.727064
response_time ~ domain * session_num + (1|id) + (1|id:domain) + (1|id:condition) + (1|id:domain:condition),16039.095092,16100.036086
response_time ~ domain * session_num + (1|id) + (1|id:domain) + (1|stimulus:condition) + (1|id:domain:condition),15519.023799,15579.964793
response_time ~ domain * session_num + (1|id) + (1|id:condition) + (1|stimulus:condition) + (1|id:domain:condition),15520.420443,15581.361437
response_time ~ domain * session_num + (1|stimulus) + (1|id:domain) + (1|id:condition) + (1|stimulus:condition),15217.761145,15278.702138
response_time ~ domain * session_num + (1|stimulus) + (1|id:domain) + (1|id:condition) + (1|id:domain:condition),15217.761145,15278.702139
response_time ~ domain * session_num + (1|stimulus) + (1|id:domain) + (1|stimulus:condition) + (1|id:domain:condition),15233.593688,15294.534681
response_time ~ domain * session_num + (1|stimulus) + (1|id:condition) + (1|stimulus:condition) + (1|id:domain:condition),15246.987002,15307.927996
response_time ~ domain * session_num + (1|id:domain) + (1|id:condition) + (1|stimulus:condition) + (1|id:domain:condition),15516.198036,15577.139029
response_time ~ domain * session_num + (1|id) + (1|stimulus) + (1|id:domain) + (1|id:condition) + (1|stimulus:condition),15211.074775,15277.555858
response_time ~ domain * session_num + (1|id) + (1|stimulus) + (1|id:domain) + (1|id:condition) + (1|id:domain:condition),15211.074774,15277.555858
response_time ~ domain * session_num + (1|id) + (1|stimulus) + (1|id:domain) + (1|stimulus:condition) + (1|id:domain:condition),15222.978751,15289.459834
response_time ~ domain * session_num + (1|id) + (1|stimulus) + (1|id:condition) + (1|stimulus:condition) + (1|id:domain:condition),15231.151131,15297.632215
response_time ~ domain * session_num + (1|id) + (1|id:domain) + (1|id:condition) + (1|stimulus:condition) + (1|id:domain:condition),15508.786071,15575.267154
response_time ~ domain * session_num + (1|stimulus) + (1|id:domain) + (1|id:condition) + (1|stimulus:condition) + (1|id:domain:condition),15219.761145,15286.242229
response_time ~ domain * session_num + (1|id) + (1|stimulus) + (1|id:domain) + (1|id:condition) + (1|stimulus:condition) + (1|id:domain:condition),15213.074775,15285.095949
response_time ~ condition * domain + session_num + (1|id),16045.480058,16111.961142
response_time ~ condition * domain + session_num + (1|stimulus),15407.082771,15473.563855
response_time ~ condition * domain + session_num + (1|id:domain),16056.841659,16123.322743
response_time ~ condition * domain + session_num + (1|id:condition),16061.015213,16127.496297
response_time ~ condition * domain + session_num + (1|stimulus:condition),15676.080462,15742.561546
response_time ~ condition * domain + session_num + (1|id:domain:condition),16094.756858,16161.237942
response_time ~ condition * domain + session_num + (1|id) + (1|stimulus),15253.424121,15325.445295
response_time ~ condition * domain + session_num + (1|id) + (1|id:domain),16043.352132,16115.373307
response_time ~ condition * domain + session_num + (1|id) + (1|id:condition),16045.235311,16117.256485
response_time ~ condition * domain + session_num + (1|id) + (1|stimulus:condition),15543.150258,15615.171432
response_time ~ condition * domain + session_num + (1|id) + (1|id:domain:condition),16047.099363,16119.120538
response_time ~ condition * domain + session_num + (1|stimulus) + (1|id:domain),15236.500131,15308.521305
response_time ~ condition * domain + session_num + (1|stimulus) + (1|id:condition),15259.269353,15331.290527
response_time ~ condition * domain + session_num + (1|stimulus) + (1|stimulus:condition),15409.082771,15481.103946
response_time ~ condition * domain + session_num + (1|stimulus) + (1|id:domain:condition),15282.504333,15354.525508
response_time ~ condition * domain + session_num + (1|id:domain) + (1|id:condition),16053.382244,16125.403419
response_time ~ condition * domain + session_num + (1|id:domain) + (1|stimulus:condition),15542.551171,15614.572345
response_time ~ condition * domain + session_num + (1|id:domain) + (1|id:domain:condition),16058.841659,16130.862833
response_time ~ condition * domain + session_num + (1|id:condition) + (1|stimulus:condition),15543.602869,15615.624044
response_time ~ condition * domain + session_num + (1|id:condition) + (1|id:domain:condition),16063.015213,16135.036387
response_time ~ condition * domain + session_num + (1|stimulus:condition) + (1|id:domain:condition),15575.591105,15647.612279
response_time ~ condition * domain + session_num + (1|id) + (1|stimulus) + (1|id:domain),15225.961772,15303.523037
response_time ~ condition * domain + session_num + (1|id) + (1|stimulus) + (1|id:condition),15242.975088,15320.536352
response_time ~ condition * domain + session_num + (1|id) + (1|stimulus) + (1|stimulus:condition),15255.424121,15332.985385
response_time ~ condition * domain + session_num + (1|id) + (1|stimulus) + (1|id:domain:condition),15233.813069,15311.374333
response_time ~ condition * domain + session_num + (1|id) + (1|id:domain) + (1|id:condition),16042.959946,16120.521211
response_time ~ condition * domain + session_num + (1|id) + (1|id:domain) + (1|stimulus:condition),15528.763991,15606.325256
response_time ~ condition * domain + session_num + (1|id) + (1|id:domain) + (1|id:domain:condition),16045.352132,16122.913397
response_time ~ condition * domain + session_num + (1|id) + (1|id:condition) + (1|stimulus:condition),15530.469944,15608.031209
response_time ~ condition * domain + session_num + (1|id) + (1|id:condition) + (1|id:domain:condition),16047.235311,16124.796576
response_time ~ condition * domain + session_num + (1|id) + (1|stimulus:condition) + (1|id:domain:condition),15529.525264,15607.086528
response_time ~ condition * domain + session_num + (1|stimulus) + (1|id:domain) + (1|id:condition),15221.140786,15298.702051
response_time ~ condition * domain + session_num + (1|stimulus) + (1|id:domain) + (1|stimulus:condition),15238.500131,15316.061396
response_time ~ condition * domain + session_num + (1|stimulus) + (1|id:domain) + (1|id:domain:condition),15235.151628,15312.712893
response_time ~ condition * domain + session_num + (1|stimulus) + (1|id:condition) + (1|stimulus:condition),15261.196571,15338.757836
response_time ~ condition * domain + session_num + (1|stimulus) + (1|id:condition) + (1|id:domain:condition),15251.212784,15328.774049
response_time ~ condition * domain + session_num + (1|stimulus) + (1|stimulus:condition) + (1|id:domain:condition),15284.504333,15362.065598
response_time ~ condition * domain + session_num + (1|id:domain) + (1|id:condition) + (1|stimulus:condition),15522.325818,15599.887082
response_time ~ condition * domain + session_num + (1|id:domain) + (1|id:condition) + (1|id:domain:condition),16055.382244,16132.943509
response_time ~ condition * domain + session_num + (1|id:domain) + (1|stimulus:condition) + (1|id:domain:condition),15540.202295,15617.763559
response_time ~ condition * domain + session_num + (1|id:condition) + (1|stimulus:condition) + (1|id:domain:condition),15541.294678,15618.855943
response_time ~ condition * domain + session_num + (1|id) + (1|stimulus) + (1|id:domain) + (1|id:condition),15214.100799,15297.202154
response_time ~ condition * domain + session_num + (1|id) + (1|stimulus) + (1|id:domain) + (1|stimulus:condition),15227.961772,15311.063127
response_time ~ condition * domain + session_num + (1|id) + (1|stimulus) + (1|id:domain) + (1|id:domain:condition),15224.594049,15307.695403
response_time ~ condition * domain + session_num + (1|id) + (1|stimulus) + (1|id:condition) + (1|stimulus:condition),15244.931103,15328.032458
response_time ~ condition * domain + session_num + (1|id) + (1|stimulus) + (1|id:condition) + (1|id:domain:condition),15234.391017,15317.492372
response_time ~ condition * domain + session_num + (1|id) + (1|stimulus) + (1|stimulus:condition) + (1|id:domain:condition),15235.813069,15318.914423
response_time ~ condition * domain + session_num + (1|id) + (1|id:domain) + (1|id:condition) + (1|stimulus:condition),15514.782421,15597.883776
response_time ~ condition * domain + session_num + (1|id) + (1|id:domain) + (1|id:condition) + (1|id:domain:condition),16044.959946,16128.061301
response_time ~ condition * domain + session_num + (1|id) + (1|id:domain) + (1|stimulus:condition) + (1|id:domain:condition),15526.481589,15609.582944
response_time ~ condition * domain + session_num + (1|id) + (1|id:condition) + (1|stimulus:condition) + (1|id:domain:condition),15527.843265,15610.944620
response_time ~ condition * domain + session_num + (1|stimulus) + (1|id:domain) + (1|id:condition) + (1|stimulus:condition),15223.140786,15306.242141
response_time ~ condition * domain + session_num + (1|stimulus) + (1|id:domain) + (1|id:condition) + (1|id:domain:condition),15223.140786,15306.242141
response_time ~ condition * domain + session_num + (1|stimulus) + (1|id:domain) + (1|stimulus:condition) + (1|id:domain:condition),15237.151628,15320.252983
response_time ~ condition * domain + session_num + (1|stimulus) + (1|id:condition) + (1|stimulus:condition) + (1|id:domain:condition),15253.212784,15336.314139
response_time ~ condition * domain + session_num + (1|id:domain) + (1|id:condition) + (1|stimulus:condition) + (1|id:domain:condition),15524.325818,15607.427173
response_time ~ condition * domain + session_num + (1|id) + (1|stimulus) + (1|id:domain) + (1|id:condition) + (1|stimulus:condition),15216.100799,15304.742244
response_time ~ condition * domain + session_num + (1|id) + (1|stimulus) + (1|id:domain) + (1|id:condition) + (1|id:domain:condition),15216.100799,15304.742244
response_time ~ condition * domain + session_num + (1|id) + (1|stimulus) + (1|id:domain) + (1|stimulus:condition) + (1|id:domain:condition),15226.594049,15315.235494
response_time ~ condition * domain + session_num + (1|id) + (1|stimulus) + (1|id:condition) + (1|stimulus:condition) + (1|id:domain:condition),15236.391017,15325.032462
response_time ~ condition * domain + session_num + (1|id) + (1|id:domain) + (1|id:condition) + (1|stimulus:condition) + (1|id:domain:condition),15516.782422,15605.423867
response_time ~ condition * domain + session_num + (1|stimulus) + (1|id:domain) + (1|id:condition) + (1|stimulus:condition) + (1|id:domain:condition),15225.140787,15313.782232
response_time ~ condition * domain + session_num + (1|id) + (1|stimulus) + (1|id:domain) + (1|id:condition) + (1|stimulus:condition) + (1|id:domain:condition),15218.100800,15312.282335
response_time ~ domain * session_num + condition + (1|id),16042.526899,16097.927803
response_time ~ domain * session_num + condition + (1|stimulus),15404.149749,15459.550652
response_time ~ domain * session_num + condition + (1|id:domain),16053.646321,16109.047224
response_time ~ domain * session_num + condition + (1|id:condition),16058.238144,16113.639048
response_time ~ domain * session_num + condition + (1|stimulus:condition),15671.493045,15726.893949
response_time ~ domain * session_num + condition + (1|id:domain:condition),16091.449634,16146.850537
response_time ~ domain * session_num + condition + (1|id) + (1|stimulus),15250.624941,15311.565935
response_time ~ domain * session_num + condition + (1|id) + (1|id:domain),16040.283878,16101.224872
response_time ~ domain * session_num + condition + (1|id) + (1|id:condition),16042.348231,16103.289224
response_time ~ domain * session_num + condition + (1|id) + (1|stimulus:condition),15538.806564,15599.747557
response_time ~ domain * session_num + condition + (1|id) + (1|id:domain:condition),16044.103613,16105.044607
response_time ~ domain * session_num + condition + (1|stimulus) + (1|id:domain),15233.494523,15294.435517
response_time ~ domain * session_num + condition + (1|stimulus) + (1|id:condition),15256.729538,15317.670531
response_time ~ domain * session_num + condition + (1|stimulus) + (1|stimulus:condition),15406.149749,15467.090742
response_time ~ domain * session_num + condition + (1|stimulus) + (1|id:domain:condition),15279.161776,15340.102769
response_time ~ domain * session_num + condition + (1|id:domain) + (1|id:condition),16050.355909,16111.296903
response_time ~ domain * session_num + condition + (1|id:domain) + (1|stimulus:condition),15537.478073,15598.419067
response_time ~ domain * session_num + condition + (1|id:domain) + (1|id:domain:condition),16055.646321,16116.587314
response_time ~ domain * session_num + condition + (1|id:condition) + (1|stimulus:condition),15539.410179,15600.351173
response_time ~ domain * session_num + condition + (1|id:condition) + (1|id:domain:condition),16060.238144,16121.179138
response_time ~ domain * session_num + condition + (1|stimulus:condition) + (1|id:domain:condition),15571.760214,15632.701207
response_time ~ domain * session_num + condition + (1|id) + (1|stimulus) + (1|id:domain),15223.021902,15289.502986
response_time ~ domain * session_num + condition + (1|id) + (1|stimulus) + (1|id:condition),15240.342739,15306.823823
response_time ~ domain * session_num + condition + (1|id) + (1|stimulus) + (1|stimulus:condition),15252.624941,15319.106025
response_time ~ domain * session_num + condition + (1|id) + (1|stimulus) + (1|id:domain:condition),15230.811012,15297.292096
response_time ~ domain * session_num + condition + (1|id) + (1|id:domain) + (1|id:condition),16039.963139,16106.444223
response_time ~ domain * session_num + condition + (1|id) + (1|id:domain) + (1|stimulus:condition),15523.984315,15590.465399
response_time ~ domain * session_num + condition + (1|id) + (1|id:domain) + (1|id:domain:condition),16042.283878,16108.764962
response_time ~ domain * session_num + condition + (1|id) + (1|id:condition) + (1|stimulus:condition),15526.234386,15592.715470
response_time ~ domain * session_num + condition + (1|id) + (1|id:condition) + (1|id:domain:condition),16044.348231,16110.829314
response_time ~ domain * session_num + condition + (1|id) + (1|stimulus:condition) + (1|id:domain:condition),15525.520390,15592.001474
response_time ~ domain * session_num + condition + (1|stimulus) + (1|id:domain) + (1|id:condition),15218.382543,15284.863627
response_time ~ domain * session_num + condition + (1|stimulus) + (1|id:domain) + (1|stimulus:condition),15235.494523,15301.975607
response_time ~ domain * session_num + condition + (1|stimulus) + (1|id:domain) + (1|id:domain:condition),15232.121602,15298.602686
response_time ~ domain * session_num + condition + (1|stimulus) + (1|id:condition) + (1|stimulus:condition),15258.602508,15325.083592
response_time ~ domain * session_num + condition + (1|stimulus) + (1|id:condition) + (1|id:domain:condition),15248.372142,15314.853226
response_time ~ domain * session_num + condition + (1|stimulus) + (1|stimulus:condition) + (1|id:domain:condition),15281.161776,15347.642860
response_time ~ domain * session_num + condition + (1|id:domain) + (1|id:condition) + (1|stimulus:condition),15517.595208,15584.076292
response_time ~ domain * session_num + condition + (1|id:domain) + (1|id:condition) + (1|id:domain:condition),16052.355909,16118.836993
response_time ~ domain * session_num + condition + (1|id:domain) + (1|stimulus:condition) + (1|id:domain:condition),15535.711616,15602.192700
response_time ~ domain * session_num + condition + (1|id:condition) + (1|stimulus:condition) + (1|id:domain:condition),15537.278178,15603.759261
response_time ~ domain * session_num + condition + (1|id) + (1|stimulus) + (1|id:domain) + (1|id:condition),15211.351127,15283.372301
response_time ~ domain * session_num + condition + (1|id) + (1|stimulus) + (1|id:domain) + (1|stimulus:condition),15225.021902,15297.043076
response_time ~ domain * session_num + condition + (1|id) + (1|stimulus) + (1|id:domain) + (1|id:domain:condition),15221.629258,15293.650432
response_time ~ domain * session_num + condition + (1|id) + (1|stimulus) + (1|id:condition) + (1|stimulus:condition),15242.256266,15314.277441
response_time ~ domain * session_num + condition + (1|id) + (1|stimulus) + (1|id:condition) + (1|id:domain:condition),15231.479736,15303.500910
response_time ~ domain * session_num + condition + (1|id) + (1|stimulus) + (1|stimulus:condition) + (1|id:domain:condition),15232.811012,15304.832186
response_time ~ domain * session_num + condition + (1|id) + (1|id:domain) + (1|id:condition) + (1|stimulus:condition),15510.146067,15582.167241
response_time ~ domain * session_num + condition + (1|id) + (1|id:domain) + (1|id:condition) + (1|id:domain:condition),16041.963139,16113.984313
response_time ~ domain * session_num + condition + (1|id) + (1|id:domain) + (1|stimulus:condition) + (1|id:domain:condition),15522.183070,15594.204244
response_time ~ domain * session_num + condition + (1|id) + (1|id:condition) + (1|stimulus:condition) + (1|id:domain:condition),15523.791307,15595.812481
response_time ~ domain * session_num + condition + (1|stimulus) + (1|id:domain) + (1|id:condition) + (1|stimulus:condition),15220.382543,15292.403718
response_time ~ domain * session_num + condition + (1|stimulus) + (1|id:domain) + (1|id:condition) + (1|id:domain:condition),15220.382543,15292.403717
response_time ~ domain * session_num + condition + (1|stimulus) + (1|id:domain) + (1|stimulus:condition) + (1|id:domain:condition),15234.121602,15306.142777
response_time ~ domain * session_num + condition + (1|stimulus) + (1|id:condition) + (1|stimulus:condition) + (1|id:domain:condition),15250.372142,15322.393316
response_time ~ domain * session_num + condition + (1|id:domain) + (1|id:condition) + (1|stimulus:condition) + (1|id:domain:condition),15519.595208,15591.616382
response_time ~ domain * session_num + condition + (1|id) + (1|stimulus) + (1|id:domain) + (1|id:condition) + (1|stimulus:condition),15213.351127,15290.912392
response_time ~ domain * session_num + condition + (1|id) + (1|stimulus) + (1|id:domain) + (1|id:condition) + (1|id:domain:condition),15213.351127,15290.912392
response_time ~ domain * session_num + condition + (1|id) + (1|stimulus) + (1|id:domain) + (1|stimulus:condition) + (1|id:domain:condition),15223.629258,15301.190522
response_time ~ domain * session_num + condition + (1|id) + (1|stimulus) + (1|id:condition) + (1|stimulus:condition) + (1|id:domain:condition),15233.479736,15311.041001
response_time ~ domain * session_num + condition + (1|id) + (1|id:domain) + (1|id:condition) + (1|stimulus:condition) + (1|id:domain:condition),15512.146067,15589.707331
response_time ~ domain * session_num + condition + (1|stimulus) + (1|id:domain) + (1|id:condition) + (1|stimulus:condition) + (1|id:domain:condition),15222.382543,15299.943808
response_time ~ domain * session_num + condition + (1|id) + (1|stimulus) + (1|id:domain) + (1|id:condition) + (1|stimulus:condition) + (1|id:domain:condition),15215.351127,15298.452482
response_time ~ condition * domain + domain * session_num + (1|id),16049.187607,16126.748872
response_time ~ condition * domain + domain * session_num + (1|stimulus),15410.220225,15487.781490
response_time ~ condition * domain + domain * session_num + (1|id:domain),16060.324752,16137.886017
response_time ~ condition * domain + domain * session_num + (1|id:condition),16064.798183,16142.359447
response_time ~ condition * domain + domain * session_num + (1|stimulus:condition),15679.051701,15756.612965
response_time ~ condition * domain + domain * session_num + (1|id:domain:condition),16098.633398,16176.194663
response_time ~ condition * domain + domain * session_num + (1|id) + (1|stimulus),15256.783513,15339.884868
response_time ~ condition * domain + domain * session_num + (1|id) + (1|id:domain),16046.970718,16130.072073
response_time ~ condition * domain + domain * session_num + (1|id) + (1|id:condition),16048.983045,16132.084400
response_time ~ condition * domain + domain * session_num + (1|id) + (1|stimulus:condition),15546.415350,15629.516705
response_time ~ condition * domain + domain * session_num + (1|id) + (1|id:domain:condition),16050.845889,16133.947244
response_time ~ condition * domain + domain * session_num + (1|stimulus) + (1|id:domain),15239.420742,15322.522097
response_time ~ condition * domain + domain * session_num + (1|stimulus) + (1|id:condition),15262.766047,15345.867402
response_time ~ condition * domain + domain * session_num + (1|stimulus) + (1|stimulus:condition),15412.220225,15495.321580
response_time ~ condition * domain + domain * session_num + (1|stimulus) + (1|id:domain:condition),15286.362533,15369.463888
response_time ~ condition * domain + domain * session_num + (1|id:domain) + (1|id:condition),16056.989378,16140.090733
response_time ~ condition * domain + domain * session_num + (1|id:domain) + (1|stimulus:condition),15545.016969,15628.118324
response_time ~ condition * domain + domain * session_num + (1|id:domain) + (1|id:domain:condition),16062.324752,16145.426107
response_time ~ condition * domain + domain * session_num + (1|id:condition) + (1|stimulus:condition),15546.996995,15630.098350
response_time ~ condition * domain + domain * session_num + (1|id:condition) + (1|id:domain:condition),16066.798183,16149.899538
response_time ~ condition * domain + domain * session_num + (1|stimulus:condition) + (1|id:domain:condition),15579.403392,15662.504747
response_time ~ condition * domain + domain * session_num + (1|id) + (1|stimulus) + (1|id:domain),15229.010180,15317.651625
response_time ~ condition * domain + domain * session_num + (1|id) + (1|stimulus) + (1|id:condition),15246.437325,15335.078771
response_time ~ condition * domain + domain * session_num + (1|id) + (1|stimulus) + (1|stimulus:condition),15258.783513,15347.424959
response_time ~ condition * domain + domain * session_num + (1|id) + (1|stimulus) + (1|id:domain:condition),15237.530076,15326.171521
response_time ~ condition * domain + domain * session_num + (1|id) + (1|id:domain) + (1|id:condition),16046.625621,16135.267066
response_time ~ condition * domain + domain * session_num + (1|id) + (1|id:domain) + (1|stimulus:condition),15531.554992,15620.196437
response_time ~ condition * domain + domain * session_num + (1|id) + (1|id:domain) + (1|id:domain:condition),16048.970718,16137.612163
response_time ~ condition * domain + domain * session_num + (1|id) + (1|id:condition) + (1|stimulus:condition),15533.841249,15622.482694
response_time ~ condition * domain + domain * session_num + (1|id) + (1|id:condition) + (1|id:domain:condition),16050.983045,16139.624490
response_time ~ condition * domain + domain * session_num + (1|id) + (1|stimulus:condition) + (1|id:domain:condition),15533.142865,15621.784310
response_time ~ condition * domain + domain * session_num + (1|stimulus) + (1|id:domain) + (1|id:condition),15224.267253,15312.908698
response_time ~ condition * domain + domain * session_num + (1|stimulus) + (1|id:domain) + (1|stimulus:condition),15241.420742,15330.062187
response_time ~ condition * domain + domain * session_num + (1|stimulus) + (1|id:domain) + (1|id:domain:condition),15238.436102,15327.077548
response_time ~ condition * domain + domain * session_num + (1|stimulus) + (1|id:condition) + (1|stimulus:condition),15264.687461,15353.328906
response_time ~ condition * domain + domain * session_num + (1|stimulus) + (1|id:condition) + (1|id:domain:condition),15254.921749,15343.563194
response_time ~ condition * domain + domain * session_num + (1|stimulus) + (1|stimulus:condition) + (1|id:domain:condition),15288.362533,15377.003978
response_time ~ condition * domain + domain * session_num + (1|id:domain) + (1|id:condition) + (1|stimulus:condition),15525.150909,15613.792354
response_time ~ condition * domain + domain * session_num + (1|id:domain) + (1|id:condition) + (1|id:domain:condition),16058.989378,16147.630823
response_time ~ condition * domain + domain * session_num + (1|id:domain) + (1|stimulus:condition) + (1|id:domain:condition),15543.288332,15631.929777
response_time ~ condition * domain + domain * session_num + (1|id:condition) + (1|stimulus:condition) + (1|id:domain:condition),15544.867034,15633.508479
response_time ~ condition * domain + domain * session_num + (1|id) + (1|stimulus) + (1|id:domain) + (1|id:condition),15217.287354,15311.468890
response_time ~ condition * domain + domain * session_num + (1|id) + (1|stimulus) + (1|id:domain) + (1|stimulus:condition),15231.010180,15325.191715
response_time ~ condition * domain + domain * session_num + (1|id) + (1|stimulus) + (1|id:domain) + (1|id:domain:condition),15227.982387,15322.163922
response_time ~ condition * domain + domain * session_num + (1|id) + (1|stimulus) + (1|id:condition) + (1|stimulus:condition),15248.388840,15342.570376
response_time ~ condition * domain + domain * session_num + (1|id) + (1|stimulus) + (1|id:condition) + (1|id:domain:condition),15238.085095,15332.266631
response_time ~ condition * domain + domain * session_num + (1|id) + (1|stimulus) + (1|stimulus:condition) + (1|id:domain:condition),15239.530076,15333.711611
response_time ~ condition * domain + domain * session_num + (1|id) + (1|id:domain) + (1|id:condition) + (1|stimulus:condition),15517.721913,15611.903448
response_time ~ condition * domain + domain * session_num + (1|id) + (1|id:domain) + (1|id:condition) + (1|id:domain:condition),16048.625621,16142.807157
response_time ~ condition * domain + domain * session_num + (1|id) + (1|id:domain) + (1|stimulus:condition) + (1|id:domain:condition),15529.783250,15623.964785
response_time ~ condition * domain + domain * session_num + (1|id) + (1|id:condition) + (1|stimulus:condition) + (1|id:domain:condition),15531.402189,15625.583725
response_time ~ condition * domain + domain * session_num + (1|stimulus) + (1|id:domain) + (1|id:condition) + (1|stimulus:condition),15226.267253,15320.448789
response_time ~ condition * domain + domain * session_num + (1|stimulus) + (1|id:domain) + (1|id:condition) + (1|id:domain:condition),15226.267253,15320.448789
response_time ~ condition * domain + domain * session_num + (1|stimulus) + (1|id:domain) + (1|stimulus:condition) + (1|id:domain:condition),15240.436102,15334.617638
response_time ~ condition * domain + domain * session_num + (1|stimulus) + (1|id:condition) + (1|stimulus:condition) + (1|id:domain:condition),15256.921749,15351.103284
response_time ~ condition * domain + domain * session_num + (1|id:domain) + (1|id:condition) + (1|stimulus:condition) + (1|id:domain:condition),15527.150910,15621.332445
response_time ~ condition * domain + domain * session_num + (1|id) + (1|stimulus) + (1|id:domain) + (1|id:condition) + (1|stimulus:condition),15219.287354,15319.008980
response_time ~ condition * domain + domain * session_num + (1|id) + (1|stimulus) + (1|id:domain) + (1|id:condition) + (1|id:domain:condition),15219.287355,15319.008981
response_time ~ condition * domain + domain * session_num + (1|id) + (1|stimulus) + (1|id:domain) + (1|stimulus:condition) + (1|id:domain:condition),15229.982387,15329.704012
response_time ~ condition * domain + domain * session_num + (1|id) + (1|stimulus) + (1|id:condition) + (1|stimulus:condition) + (1|id:domain:condition),15240.085095,15339.806721
response_time ~ condition * domain + domain * session_num + (1|id) + (1|id:domain) + (1|id:condition) + (1|stimulus:condition) + (1|id:domain:condition),15519.721912,15619.443538
response_time ~ condition * domain + domain * session_num + (1|stimulus) + (1|id:domain) + (1|id:condition) + (1|stimulus:condition) + (1|id:domain:condition),15228.267254,15327.988879
response_time ~ condition * domain + domain * session_num + (1|id) + (1|stimulus) + (1|id:domain) + (1|id:condition) + (1|stimulus:condition) + (1|id:domain:condition),15221.287354,15326.549070
